"specialist_id","domain","n_rows","n_strong_win","n_strong_point_signal","n_pareto_signal","n_equal_weight_gain","n_no_win","pass_rate","median_q95_gain","best_dataset"
"TAX-Q1R008","biological_positive",36,24,0,0,9,3,0.666666666666667,0.00403432041813757,"UCI_abalone_whole_weight"
"TAX-Q1R008","biomedical_signal",9,0,0,0,9,0,0,-1.90988329702594e-05,"UCI_parkinsons_PPE"
"TAX-Q1R008","engineering_positive",9,0,0,0,9,0,0,-26.8842375683425,"UCI_auto_horsepower"
"TAX-Q1R008","environmental_extremes",9,0,0,0,5,4,0,-0.0971092325966527,"UCI_forestfires_log_area"
"TAX-Q1R008","mobility_demand",108,94,3,0,5,6,0.898148148148148,1023.0666695088,"UCI_bike_hour_count__depth_upper_tail_enriched"
"TAX-Q1R008","positive_skew_tabular",144,78,3,0,48,15,0.5625,0.0077935500405232,"UCI_wine_white_residual_sugar"
"TAX-Q1R008","rdatasets_admiral",27,15,0,0,0,12,0.555555555555556,0.00120636338456362,"RD_admiral_admiral_adlb_auto"
"TAX-Q1R008","rdatasets_archdata",9,3,0,0,6,0,0.333333333333333,-1.38907421045384,"RD_archdata_Handaxes_auto"
"TAX-Q1R008","rdatasets_bayesrules",36,30,0,0,0,6,0.833333333333333,1719.58194522305,"RD_bayesrules_bird_counts_auto__depth_upper_tail_enriched"
"TAX-Q1R008","rdatasets_camerondata",27,3,0,0,24,0,0.111111111111111,-0.0273171588128601,"RD_camerondata_vietnam_ind_auto"
"TAX-Q1R008","rdatasets_collegeScorecard",9,0,0,0,0,9,0,-939816.041305793,"RD_collegeScorecard_scorecard_auto"
"TAX-Q1R008","rdatasets_crch",9,0,0,0,6,3,0,-2.68290760648687,"RD_crch_RainIbk_auto"
"TAX-Q1R008","rdatasets_DAAG",9,0,0,0,9,0,0,-30373.3363582844,"RD_DAAG_nassCDS_auto"
"TAX-Q1R008","web_popularity",72,66,0,0,6,0,0.916666666666667,0.0856010710047976,"UCI_online_news_tokens__depth_upper_tail_enriched"
"TAX-Q1R009","biological_positive",118,64,0,0,39,15,0.542372881355932,0.00136182751270069,"UCI_abalone_whole_weight__depth_bootstrap_full"
"TAX-Q1R009","biomedical_signal",39,0,0,0,39,0,0,-1.88408536191688e-05,"UCI_parkinsons_PPE"
"TAX-Q1R009","engineering_positive",39,0,0,0,38,1,0,-22.0499379421892,"UCI_auto_horsepower"
"TAX-Q1R009","environmental_extremes",39,0,0,0,26,13,0,-0.0864673501536853,"UCI_forestfires_log_area"
"TAX-Q1R009","mobility_demand",393,261,3,0,65,64,0.67175572519084,289.726641577864,"UCI_bike_hour_count__depth_upper_tail_enriched"
"TAX-Q1R009","positive_skew_tabular",513,204,10,0,182,117,0.417153996101364,-0.00302166972735475,"UCI_wine_white_residual_sugar__depth_bootstrap_full"
"TAX-Q1R009","rdatasets_admiral",117,0,1,0,0,116,0.00854700854700855,-0.00659593386068136,"RD_admiral_admiral_adlb_auto"
"TAX-Q1R009","rdatasets_archdata",7,7,0,0,0,0,1,1.19432993967648,"RD_archdata_Handaxes_auto"
"TAX-Q1R009","rdatasets_bayesrules",118,118,0,0,0,0,1,1073.21746263811,"RD_bayesrules_bird_counts_auto__depth_upper_tail_enriched"
"TAX-Q1R009","rdatasets_camerondata",85,85,0,0,0,0,1,0.00379858558009237,"RD_camerondata_vietnam_ind_auto__depth_bootstrap_full"
"TAX-Q1R009","rdatasets_collegeScorecard",3,0,0,0,0,3,0,-417282.440939042,"RD_collegeScorecard_scorecard_auto"
"TAX-Q1R009","rdatasets_crch",39,0,0,0,0,39,0,-7.0424944931383,"RD_crch_RainIbk_auto"
"TAX-Q1R009","rdatasets_DAAG",39,0,0,0,30,9,0,-10800.2068184089,"RD_DAAG_nassCDS_auto"
"TAX-Q1R009","web_popularity",275,162,6,0,92,15,0.610909090909091,0.0117208588659857,"UCI_online_news_tokens__depth_upper_tail_enriched"
"TAX-Q1R010","biomedical_signal",39,0,0,0,39,0,0,-0.0867602862478623,"UCI_parkinsons_HNR"
"TAX-Q1R010","education_scores",139,13,7,0,68,51,0.143884892086331,-0.0299115175363921,"UCI_student_math_G3"
"TAX-Q1R010","engineering_efficiency",39,0,0,0,39,0,0,-0.128902575365287,"UCI_auto_mpg"
"TAX-Q1R010","rdatasets_AER",12,0,0,0,0,12,0,-203.686278963495,"RD_AER_Fertility_auto"
"TAX-Q1R010","rdatasets_agridat",39,0,0,0,39,0,0,-10132.5658919707,"RD_agridat_lee.potatoblight_auto"
"TAX-Q1R010","rdatasets_alone",156,0,2,4,150,0,0.0128205128205128,-0.01399218253243,"RD_alone_loadouts_auto__depth_bootstrap_full"
"TAX-Q1R010","rdatasets_archdata",39,0,0,0,39,0,0,-0.0501348167780397,"RD_archdata_Handaxes_auto__depth_body_10_90"
"TAX-Q1R010","rdatasets_asaur",78,33,6,0,39,0,0.5,-1.49102116611407,"RD_asaur_prostateSurvival_auto__depth_body_10_90"
"TAX-Q1R010","rdatasets_bakeoff",127,36,0,0,91,0,0.283464566929134,-0.00604818982336471,"RD_bakeoff_challenges_data__auto__depth_bootstrap_full"
"TAX-Q1R010","rdatasets_betareg",39,0,0,0,39,0,0,-0.0180654969962894,"RD_betareg_LossAversion_auto"
"TAX-Q1R010","rdatasets_boot",127,87,3,1,0,36,0.708661417322835,0.294900850546744,"RD_boot_amis_auto"
"TAX-Q1R010","rdatasets_causaldata",39,0,0,0,39,0,0,-1.14381406240976,"RD_causaldata_mortgages_auto"
"TAX-Q1R010","rdatasets_cluster",39,0,0,0,39,0,0,-1.22271021794057,"RD_cluster_xclara_auto"
"TAX-Q1R010","rdatasets_crimedatasets",12,0,0,0,0,12,0,-2.3269668425776e+21,"RD_crimedatasets_vehiclethefts_tbl_df_auto"
"TAX-Q1R010","rdatasets_dragracer",127,50,2,2,65,8,0.409448818897638,-0.00106426772075099,"RD_dragracer_rpdr_contep_auto"
"TAX-Q1R010","rdatasets_educationR",39,0,0,0,39,0,0,-0.000184782170144071,"RD_educationR_major_survey_tbl_df_auto"
"TAX-Q1R010","rdatasets_forecast",39,0,0,0,39,0,0,-37480.4749236453,"RD_forecast_taylor_auto"
"TAX-Q1R010","rdatasets_fpp2",127,51,0,1,39,36,0.401574803149606,-8.11727687842113,"RD_fpp2_calls_auto"
"TAX-Q1R010","rdatasets_gt",127,88,0,0,39,0,0.692913385826772,0.589207803305417,"RD_gt_pizzaplace_auto__depth_upper_tail_enriched"
"TAX-Q1R010","rdatasets_HistData",133,85,9,0,39,0,0.706766917293233,0.119185609080013,"RD_HistData_Pollen_auto__depth_upper_tail_enriched"
"TAX-Q1R010","rdatasets_ISLR",127,79,3,0,39,6,0.645669291338583,1659.7052828925,"RD_ISLR_Default_auto"
"TAX-Q1R010","rdatasets_OncoDataSets",78,31,8,0,39,0,0.5,-1.69190950821251,"RD_OncoDataSets_ProstateSurvival_df_auto__depth_body_10_90"
"TAX-Q1R010","rdatasets_psych",39,39,0,0,0,0,1,3.25032430992633,"RD_psych_bfi_auto__depth_upper_tail_enriched"
"TAX-Q1R011","rdatasets_admiral",9,9,0,0,0,0,1,0.000229497318749851,"RD_admiral_admiral_adlb_auto__depth_body_10_90"
"TAX-Q1R011","rdatasets_archdata",18,1,0,0,17,0,0.0555555555555556,-1.1489113396126,"RD_archdata_Handaxes_auto__depth_bootstrap_full"
"TAX-Q1R011","rdatasets_asaur",18,0,0,0,1,17,0,-49.6837655311372,"RD_asaur_prostateSurvival_auto__depth_bootstrap_full"
"TAX-Q1R011","rdatasets_OncoDataSets",18,0,0,0,0,18,0,-51.8501837974746,"RD_OncoDataSets_ProstateSurvival_df_auto"
"TAX-Q1R011","rdatasets_psych",27,0,0,0,18,9,0,-3.29490604126865,"RD_psych_bfi_auto__depth_body_10_90"
"TAX-Q1R012","rdatasets_admiral",9,0,0,0,0,9,0,-0.0001378227268527,"RD_admiral_admiral_adlb_auto__depth_body_10_90"
"TAX-Q1R012","rdatasets_archdata",18,1,0,0,17,0,0.0555555555555556,-0.592905842402509,"RD_archdata_Handaxes_auto__depth_bootstrap_full"
"TAX-Q1R012","rdatasets_asaur",18,0,0,0,16,2,0,-36.6591695690429,"RD_asaur_prostateSurvival_auto"
"TAX-Q1R012","rdatasets_OncoDataSets",18,0,0,0,15,3,0,-37.0774362351872,"RD_OncoDataSets_ProstateSurvival_df_auto"
"TAX-Q1R012","rdatasets_psych",27,0,0,0,25,2,0,-2.85677667781139,"RD_psych_bfi_auto__depth_body_10_90"
"TAX-Q1R016","biomedical_signal",4,0,0,0,4,0,0,-0.0249682740514033,"UCI_parkinsons_HNR"
"TAX-Q1R016","education_scores",12,0,0,0,8,4,0,-0.0675734600284719,"UCI_student_math_G3__depth_body_10_90"
"TAX-Q1R016","engineering_efficiency",4,0,0,0,4,0,0,-0.0660719395573273,"UCI_auto_mpg"
"TAX-Q1R016","rdatasets_agridat",4,0,0,0,4,0,0,-13733.3358056757,"RD_agridat_lee.potatoblight_auto"
"TAX-Q1R016","rdatasets_alone",16,0,0,0,16,0,0,-0.00347379834975307,"RD_alone_loadouts_auto__depth_upper_tail_enriched"
"TAX-Q1R016","rdatasets_archdata",4,0,0,0,4,0,0,-0.0601271291832637,"RD_archdata_Handaxes_auto__depth_body_10_90"
"TAX-Q1R016","rdatasets_asaur",8,0,0,0,8,0,0,-3.93774039195147,"RD_asaur_prostateSurvival_auto__depth_upper_tail_enriched"
"TAX-Q1R016","rdatasets_bakeoff",12,0,0,0,12,0,0,-0.00462462025201689,"RD_bakeoff_challenges_data__auto__depth_body_10_90"
"TAX-Q1R016","rdatasets_betareg",4,0,1,0,3,0,0.25,-0.000428266083676864,"RD_betareg_LossAversion_auto"
"TAX-Q1R016","rdatasets_boot",12,0,0,0,12,0,0,-0.0485812698674065,"RD_boot_amis_auto__depth_body_10_90"
"TAX-Q1R016","rdatasets_causaldata",4,0,0,0,4,0,0,-0.445553394623022,"RD_causaldata_mortgages_auto"
"TAX-Q1R016","rdatasets_cluster",4,0,0,0,4,0,0,-2.28289195873453,"RD_cluster_xclara_auto"
"TAX-Q1R016","rdatasets_dragracer",12,1,1,0,10,0,0.166666666666667,-0.00391849930830132,"RD_dragracer_rpdr_contep_auto__depth_bootstrap_full"
"TAX-Q1R016","rdatasets_educationR",4,0,0,0,4,0,0,-5.00146962517058e-05,"RD_educationR_major_survey_tbl_df_auto"
"TAX-Q1R016","rdatasets_forecast",4,0,0,0,4,0,0,-71447.7496572597,"RD_forecast_taylor_auto"
"TAX-Q1R016","rdatasets_fpp2",12,0,0,0,12,0,0,-25.4561671219296,"RD_fpp2_calls_auto__depth_body_10_90"
"TAX-Q1R016","rdatasets_gt",12,8,0,0,4,0,0.666666666666667,0.0429780856771154,"RD_gt_pizzaplace_auto__depth_bootstrap_full"
"TAX-Q1R016","rdatasets_HistData",12,0,0,0,8,4,0,-0.0216627613847066,"RD_HistData_Pollen_auto__depth_body_10_90"
"TAX-Q1R016","rdatasets_ISLR",12,0,0,0,12,0,0,-250.128949587834,"RD_ISLR_Default_auto__depth_body_10_90"
"TAX-Q1R016","rdatasets_OncoDataSets",8,0,0,0,8,0,0,-4.02974365252873,"RD_OncoDataSets_ProstateSurvival_df_auto__depth_upper_tail_enriched"
"TAX-Q1R016","rdatasets_psych",4,0,0,0,4,0,0,-0.874551460099809,"RD_psych_bfi_auto__depth_upper_tail_enriched"
"TAX-Q1R017","biomedical_signal",4,0,0,0,4,0,0,-0.0244807561362869,"UCI_parkinsons_HNR"
"TAX-Q1R017","education_scores",12,0,0,0,6,6,0,-0.0776052509626382,"UCI_student_math_G3__depth_body_10_90"
"TAX-Q1R017","engineering_efficiency",4,0,0,0,4,0,0,-0.0939691890319317,"UCI_auto_mpg"
"TAX-Q1R017","rdatasets_agridat",4,0,0,0,4,0,0,-2547.23841784449,"RD_agridat_lee.potatoblight_auto"
"TAX-Q1R017","rdatasets_alone",16,1,3,1,11,0,0.25,-0.00872706444672592,"RD_alone_loadouts_auto__depth_bootstrap_full"
"TAX-Q1R017","rdatasets_archdata",4,0,0,0,4,0,0,-0.097589097484679,"RD_archdata_Handaxes_auto__depth_body_10_90"
"TAX-Q1R017","rdatasets_asaur",8,0,0,0,8,0,0,-4.16055032396557,"RD_asaur_prostateSurvival_auto__depth_upper_tail_enriched"
"TAX-Q1R017","rdatasets_bakeoff",12,0,0,0,12,0,0,-0.0145941067451488,"RD_bakeoff_challenges_data__auto__depth_body_10_90"
"TAX-Q1R017","rdatasets_betareg",4,0,1,0,3,0,0.25,-0.000970498554691813,"RD_betareg_LossAversion_auto"
"TAX-Q1R017","rdatasets_boot",12,0,0,0,10,2,0,-0.0714524742047091,"RD_boot_amis_auto__depth_upper_tail_enriched"
"TAX-Q1R017","rdatasets_causaldata",4,0,0,0,4,0,0,-0.519754713506668,"RD_causaldata_mortgages_auto"
"TAX-Q1R017","rdatasets_cluster",4,0,0,0,4,0,0,-0.437472067517712,"RD_cluster_xclara_auto"
"TAX-Q1R017","rdatasets_dragracer",12,0,0,0,12,0,0,-0.000675830496931602,"RD_dragracer_rpdr_contep_auto__depth_bootstrap_full"
"TAX-Q1R017","rdatasets_educationR",4,0,0,0,4,0,0,-8.17767069823923e-05,"RD_educationR_major_survey_tbl_df_auto"
"TAX-Q1R017","rdatasets_forecast",4,0,0,0,4,0,0,-17276.2034189115,"RD_forecast_taylor_auto"
"TAX-Q1R017","rdatasets_fpp2",12,1,2,2,7,0,0.25,-1.97497731691037,"RD_fpp2_calls_auto__depth_bootstrap_full"
"TAX-Q1R017","rdatasets_gt",12,8,0,0,4,0,0.666666666666667,0.0923980824922919,"RD_gt_pizzaplace_auto__depth_bootstrap_full"
"TAX-Q1R017","rdatasets_HistData",12,0,0,0,9,3,0,-0.0451391591859669,"RD_HistData_Pollen_auto__depth_body_10_90"
"TAX-Q1R017","rdatasets_ISLR",12,1,0,0,10,1,0.0833333333333333,-193.349172854997,"RD_ISLR_Default_auto__depth_upper_tail_enriched"
"TAX-Q1R017","rdatasets_OncoDataSets",8,0,0,0,8,0,0,-3.91286793114841,"RD_OncoDataSets_ProstateSurvival_df_auto__depth_upper_tail_enriched"
"TAX-Q1R017","rdatasets_psych",4,0,0,0,4,0,0,-0.915266357992049,"RD_psych_bfi_auto__depth_upper_tail_enriched"
"TAX-Q1R018","rdatasets_admiral",6,6,0,0,0,0,1,0.000389387852926873,"RD_admiral_admiral_adlb_auto__depth_body_10_90"
"TAX-Q1R018","rdatasets_archdata",12,2,0,0,10,0,0.166666666666667,-0.232969633859276,"RD_archdata_Handaxes_auto__depth_bootstrap_full"
"TAX-Q1R018","rdatasets_asaur",12,6,0,0,3,3,0.5,-1.84798189156835,"RD_asaur_prostateSurvival_auto"
"TAX-Q1R018","rdatasets_OncoDataSets",12,6,0,0,3,3,0.5,-2.49625021094838,"RD_OncoDataSets_ProstateSurvival_df_auto"
"TAX-Q1R018","rdatasets_psych",18,8,0,0,10,0,0.444444444444444,-0.641155889971734,"RD_psych_bfi_auto__depth_bootstrap_full"
"TAX-Q1R019","rdatasets_admiral",39,39,0,0,0,0,1,0.000375537218232296,"RD_admiral_admiral_adlb_auto__depth_body_10_90"
"TAX-Q1R019","rdatasets_archdata",78,13,0,0,65,0,0.166666666666667,-0.886411198754108,"RD_archdata_Handaxes_auto__depth_bootstrap_full"
"TAX-Q1R019","rdatasets_asaur",46,43,0,0,0,3,0.934782608695652,21.4198486822884,"RD_asaur_prostateSurvival_auto__depth_bootstrap_full"
"TAX-Q1R019","rdatasets_OncoDataSets",46,43,0,0,0,3,0.934782608695652,22.1474839086043,"RD_OncoDataSets_ProstateSurvival_df_auto__depth_bootstrap_full"
"TAX-Q1R019","rdatasets_psych",94,50,0,0,16,28,0.531914893617021,0.280427398517778,"RD_psych_bfi_auto__depth_bootstrap_full"
"TAX-Q1R023","biomedical_signal",9,0,0,0,9,0,0,-0.0649871977555752,"UCI_parkinsons_HNR"
"TAX-Q1R023","education_scores",27,0,1,0,17,9,0.037037037037037,-0.203269250592035,"UCI_student_math_G3__depth_upper_tail_enriched"
"TAX-Q1R023","engineering_efficiency",9,0,0,0,9,0,0,-0.10712725839515,"UCI_auto_mpg"
"TAX-Q1R023","rdatasets_agridat",9,0,0,0,9,0,0,-5026.04418704521,"RD_agridat_lee.potatoblight_auto"
"TAX-Q1R023","rdatasets_alone",36,0,0,0,36,0,0,-0.0107449600261273,"RD_alone_loadouts_auto__depth_body_10_90"
"TAX-Q1R023","rdatasets_archdata",9,0,0,0,9,0,0,-0.0698593883676516,"RD_archdata_Handaxes_auto__depth_body_10_90"
"TAX-Q1R023","rdatasets_asaur",18,3,0,0,15,0,0.166666666666667,-3.0128054876603,"RD_asaur_prostateSurvival_auto__depth_body_10_90"
"TAX-Q1R023","rdatasets_bakeoff",27,2,0,0,25,0,0.0740740740740741,-0.0111415815613416,"RD_bakeoff_challenges_data__auto__depth_bootstrap_full"
"TAX-Q1R023","rdatasets_betareg",9,0,0,0,9,0,0,-0.00355557971321315,"RD_betareg_LossAversion_auto"
"TAX-Q1R023","rdatasets_boot",27,8,2,0,12,5,0.37037037037037,-0.0133936068204933,"RD_boot_amis_auto__depth_upper_tail_enriched"
"TAX-Q1R023","rdatasets_causaldata",9,0,0,0,9,0,0,-0.85693007275809,"RD_causaldata_mortgages_auto"
"TAX-Q1R023","rdatasets_cluster",9,0,0,0,9,0,0,-1.05260684008448,"RD_cluster_xclara_auto"
"TAX-Q1R023","rdatasets_dragracer",27,6,1,1,19,0,0.259259259259259,-0.00709622945997283,"RD_dragracer_rpdr_contep_auto__depth_bootstrap_full"
"TAX-Q1R023","rdatasets_educationR",9,0,0,0,9,0,0,-0.000210570728042957,"RD_educationR_major_survey_tbl_df_auto"
"TAX-Q1R023","rdatasets_forecast",9,0,0,0,9,0,0,-31463.3520064057,"RD_forecast_taylor_auto"
"TAX-Q1R023","rdatasets_fpp2",27,8,1,0,18,0,0.333333333333333,-8.77090298698533,"RD_fpp2_calls_auto__depth_bootstrap_full"
"TAX-Q1R023","rdatasets_gt",27,18,0,0,9,0,0.666666666666667,0.272963601888298,"RD_gt_pizzaplace_auto__depth_upper_tail_enriched"
"TAX-Q1R023","rdatasets_HistData",27,5,2,1,13,6,0.259259259259259,-0.0140742240994179,"RD_HistData_Pollen_auto__depth_upper_tail_enriched"
"TAX-Q1R023","rdatasets_ISLR",27,12,0,0,15,0,0.444444444444444,-54.5702470694895,"RD_ISLR_Default_auto__depth_bootstrap_full"
"TAX-Q1R023","rdatasets_OncoDataSets",18,3,0,0,15,0,0.166666666666667,-2.93549625958659,"RD_OncoDataSets_ProstateSurvival_df_auto__depth_body_10_90"
"TAX-Q1R023","rdatasets_psych",9,6,0,0,3,0,0.666666666666667,0.396382916272613,"RD_psych_bfi_auto__depth_upper_tail_enriched"
"TAX-Q1R024","biomedical_signal",4,0,0,0,4,0,0,-0.0492076976001366,"UCI_parkinsons_HNR"
"TAX-Q1R024","education_scores",12,0,0,0,4,8,0,-0.0944137705266005,"UCI_student_math_G3__depth_body_10_90"
"TAX-Q1R024","engineering_efficiency",4,0,0,0,4,0,0,-0.176881676217987,"UCI_auto_mpg"
"TAX-Q1R024","rdatasets_agridat",4,0,0,0,4,0,0,-3813.5719522504,"RD_agridat_lee.potatoblight_auto"
"TAX-Q1R024","rdatasets_alone",16,2,2,1,11,0,0.25,-0.00712515888493651,"RD_alone_loadouts_auto"
"TAX-Q1R024","rdatasets_archdata",4,0,0,0,4,0,0,-0.160746420272874,"RD_archdata_Handaxes_auto__depth_body_10_90"
"TAX-Q1R024","rdatasets_asaur",8,0,0,0,8,0,0,-5.82471955656203,"RD_asaur_prostateSurvival_auto__depth_upper_tail_enriched"
"TAX-Q1R024","rdatasets_bakeoff",12,0,0,0,12,0,0,-0.0216852010262411,"RD_bakeoff_challenges_data__auto__depth_body_10_90"
"TAX-Q1R024","rdatasets_betareg",4,0,0,0,4,0,0,-0.00989187212350229,"RD_betareg_LossAversion_auto"
"TAX-Q1R024","rdatasets_boot",12,0,0,0,12,0,0,-0.0940936959645469,"RD_boot_amis_auto__depth_bootstrap_full"
"TAX-Q1R024","rdatasets_causaldata",4,0,0,0,4,0,0,-0.970877005483462,"RD_causaldata_mortgages_auto"
"TAX-Q1R024","rdatasets_cluster",4,0,0,0,4,0,0,-0.494383309707209,"RD_cluster_xclara_auto"
"TAX-Q1R024","rdatasets_dragracer",12,1,2,1,8,0,0.25,-0.00739749315847755,"RD_dragracer_rpdr_contep_auto__depth_bootstrap_full"
"TAX-Q1R024","rdatasets_educationR",4,0,0,0,4,0,0,-8.69864677646497e-05,"RD_educationR_major_survey_tbl_df_auto"
"TAX-Q1R024","rdatasets_forecast",4,0,0,0,4,0,0,-46211.979635251,"RD_forecast_taylor_auto"
"TAX-Q1R024","rdatasets_fpp2",12,2,0,0,10,0,0.166666666666667,-6.81733483039894,"RD_fpp2_calls_auto__depth_bootstrap_full"
"TAX-Q1R024","rdatasets_gt",12,8,0,0,4,0,0.666666666666667,0.0831319047807336,"RD_gt_pizzaplace_auto__depth_bootstrap_full"
"TAX-Q1R024","rdatasets_HistData",12,0,0,0,8,4,0,-0.0792467505379348,"RD_HistData_Pollen_auto__depth_body_10_90"
"TAX-Q1R024","rdatasets_ISLR",12,1,0,0,10,1,0.0833333333333333,-321.630403112041,"RD_ISLR_Default_auto__depth_upper_tail_enriched"
"TAX-Q1R024","rdatasets_OncoDataSets",8,0,0,0,8,0,0,-6.07444381897592,"RD_OncoDataSets_ProstateSurvival_df_auto__depth_upper_tail_enriched"
"TAX-Q1R024","rdatasets_psych",4,0,0,0,4,0,0,-1.59090486952839,"RD_psych_bfi_auto__depth_upper_tail_enriched"
"TAX-Q1R025","biomedical_signal",9,0,0,0,9,0,0,-0.0643474255848512,"UCI_parkinsons_HNR"
"TAX-Q1R025","education_scores",27,0,1,0,17,9,0.037037037037037,-0.201975001762143,"UCI_student_math_G3__depth_upper_tail_enriched"
"TAX-Q1R025","engineering_efficiency",9,0,0,0,9,0,0,-0.105780472346918,"UCI_auto_mpg"
"TAX-Q1R025","rdatasets_agridat",9,0,0,0,9,0,0,-5437.44286445476,"RD_agridat_lee.potatoblight_auto"
"TAX-Q1R025","rdatasets_alone",36,0,0,0,36,0,0,-0.0107458638115494,"RD_alone_loadouts_auto__depth_body_10_90"
"TAX-Q1R025","rdatasets_archdata",9,0,0,0,9,0,0,-0.0685148512867915,"RD_archdata_Handaxes_auto__depth_body_10_90"
"TAX-Q1R025","rdatasets_asaur",18,3,0,0,15,0,0.166666666666667,-3.7440898010506,"RD_asaur_prostateSurvival_auto__depth_body_10_90"
"TAX-Q1R025","rdatasets_bakeoff",27,2,0,0,25,0,0.0740740740740741,-0.00921945281692893,"RD_bakeoff_challenges_data__auto__depth_bootstrap_full"
"TAX-Q1R025","rdatasets_betareg",9,0,0,0,9,0,0,-0.00241206614201896,"RD_betareg_LossAversion_auto"
"TAX-Q1R025","rdatasets_boot",27,8,3,0,12,4,0.407407407407407,-0.0271207192109355,"RD_boot_amis_auto__depth_upper_tail_enriched"
"TAX-Q1R025","rdatasets_causaldata",9,0,0,0,9,0,0,-0.909554166009362,"RD_causaldata_mortgages_auto"
"TAX-Q1R025","rdatasets_cluster",9,0,0,0,9,0,0,-1.03192824108486,"RD_cluster_xclara_auto"
"TAX-Q1R025","rdatasets_dragracer",27,7,0,0,20,0,0.259259259259259,-0.0042481921166834,"RD_dragracer_rpdr_contep_auto__depth_bootstrap_full"
"TAX-Q1R025","rdatasets_educationR",9,0,0,0,9,0,0,-0.000207595236780636,"RD_educationR_major_survey_tbl_df_auto"
"TAX-Q1R025","rdatasets_forecast",9,0,0,0,9,0,0,-34322.1892282164,"RD_forecast_taylor_auto"
"TAX-Q1R025","rdatasets_fpp2",27,9,0,0,18,0,0.333333333333333,-7.76724737205889,"RD_fpp2_calls_auto__depth_bootstrap_full"
"TAX-Q1R025","rdatasets_gt",27,18,0,0,9,0,0.666666666666667,0.267063109549212,"RD_gt_pizzaplace_auto__depth_upper_tail_enriched"
"TAX-Q1R025","rdatasets_HistData",27,5,3,0,14,5,0.296296296296296,-0.0207278098822303,"RD_HistData_Pollen_auto__depth_upper_tail_enriched"
"TAX-Q1R025","rdatasets_ISLR",27,12,0,0,15,0,0.444444444444444,-65.5651268942331,"RD_ISLR_Default_auto__depth_bootstrap_full"
"TAX-Q1R025","rdatasets_OncoDataSets",18,3,0,0,15,0,0.166666666666667,-2.91211949835934,"RD_OncoDataSets_ProstateSurvival_df_auto__depth_body_10_90"
"TAX-Q1R025","rdatasets_psych",9,6,0,0,3,0,0.666666666666667,0.372569144209022,"RD_psych_bfi_auto__depth_upper_tail_enriched"
