interfamily_profile_audit_run,interfamily_profile_audit_scope,source_family,source_specialist_regime_id,source_regime_key,target_family,interfamily_profile_match_level,interfamily_profile_n_available,interfamily_profile_n_scenarios,interfamily_profile_scenario_frac,interfamily_profile_min_scenarios,interfamily_profile_num_samples,interfamily_profile_bootstrap_B,interfamily_profile_seed,source_heldout_gate_pass,source_heldout_ga_q95_mse,source_heldout_ga_mean_mse,target_profile_gate_pass,target_profile_ga_q95_mse,target_profile_ga_mean_mse,target_profile_best_benchmark_q95_estimator,target_profile_best_benchmark_mean_estimator,target_profile_best_benchmark_q95_mse,target_profile_best_benchmark_mean_mse,target_profile_rel_improvement_q95,target_profile_rel_improvement_mean,cross_family_to_source_q95_ratio,cross_family_to_source_mean_ratio,interfamily_profile_interpretation,source_shape_regime,source_tail_regime,source_contamination_direction,source_contamination_structure,source_rate_regime,source_scale_regime,source_scale_group_regime,source_severity_regime,w_mean,w_median,w_trimmed20,w_harmonic,w_geometric,w_mode_hsm,w_mode_parzen,w_trimean,w_huber,w_biweight,winner_weight_vector,run_seed,seed_run_id
TRUE,cross_family_profile_matched_fixed_weight_no_retraining,lognormal,REG01,lognormal | right_skewed | heavy_right_tail | upper_tail | tail_outlier | moderate | extreme_scale,weibull,interfamily_direction_structure_adjacent_rate_scale,42,24,0.1,24,20,40,1155673152,TRUE,0.11940562354642134,0.06441555115110698,FALSE,0.28873120779186895,0.2249531714769951,huber,huber,0.18696422187849296,0.13630937496408618,-0.5443126224383694,-0.6503132784198726,2.418070432647595,3.4922183766743577,source_regime_specific_cross_family_no_free_lunch,right_skewed,heavy_right_tail,upper_tail,tail_outlier,moderate,extreme_scale,extreme_scale,extreme_severity,0.11631295487903373,0.1777391030435918,0.023359404104656957,0.004732526637384852,0.24730200109068418,0.0027736371176096592,0.001099573616029026,0.01604817009772131,0.11753255461174485,0.29310007480154365,0.11631295;0.1777391;0.0233594;0.00473253;0.247302;0.00277364;0.00109957;0.01604817;0.11753255;0.29310007,101,GA_REGIME_FIRST_20260525_190322
TRUE,cross_family_profile_matched_fixed_weight_no_retraining,lognormal,REG01,lognormal | right_skewed | heavy_right_tail | upper_tail | tail_outlier | moderate | extreme_scale,invgauss,interfamily_direction_structure_adjacent_rate_scale,42,24,0.1,24,20,40,59381861,TRUE,0.11940562354642134,0.06441555115110698,FALSE,0.1480121221449606,0.10622437423827062,huber,huber,0.1028238228252342,0.06792778120781535,-0.43947305281667837,-0.5637839533243183,1.2395741318345723,1.6490485967812154,source_regime_specific_cross_family_no_free_lunch,right_skewed,heavy_right_tail,upper_tail,tail_outlier,moderate,extreme_scale,extreme_scale,extreme_severity,0.11631295487903373,0.1777391030435918,0.023359404104656957,0.004732526637384852,0.24730200109068418,0.0027736371176096592,0.001099573616029026,0.01604817009772131,0.11753255461174485,0.29310007480154365,0.11631295;0.1777391;0.0233594;0.00473253;0.247302;0.00277364;0.00109957;0.01604817;0.11753255;0.29310007,101,GA_REGIME_FIRST_20260525_190322
TRUE,cross_family_profile_matched_fixed_weight_no_retraining,lognormal,REG01,lognormal | right_skewed | heavy_right_tail | upper_tail | tail_outlier | moderate | extreme_scale,exgaussian,interfamily_direction_structure_adjacent_rate_scale,42,24,0.1,24,20,40,2055094020,TRUE,0.11940562354642134,0.06441555115110698,FALSE,0.15715366535501404,0.09909530248818837,biweight,biweight,0.047989133177117525,0.020579261688595002,-2.274776078424235,-3.8152992067393536,1.316132864484404,1.5383754499622417,source_regime_specific_cross_family_no_free_lunch,right_skewed,heavy_right_tail,upper_tail,tail_outlier,moderate,extreme_scale,extreme_scale,extreme_severity,0.11631295487903373,0.1777391030435918,0.023359404104656957,0.004732526637384852,0.24730200109068418,0.0027736371176096592,0.001099573616029026,0.01604817009772131,0.11753255461174485,0.29310007480154365,0.11631295;0.1777391;0.0233594;0.00473253;0.247302;0.00277364;0.00109957;0.01604817;0.11753255;0.29310007,101,GA_REGIME_FIRST_20260525_190322
TRUE,cross_family_profile_matched_fixed_weight_no_retraining,lognormal,REG03,lognormal | right_skewed | heavy_right_tail | upper_tail | tail_outlier | extreme | low_scale,weibull,interfamily_direction_structure_adjacent_rate_scale,24,24,0.1,24,20,40,243030078,TRUE,0.0768109876287945,0.03289245293682777,TRUE,0.12029129874499234,0.06482927129936353,trimmed20,trimean,0.14638045694305638,0.09528781153157258,0.17822842435882533,0.31964780953959987,1.5660688979128825,1.9709466916894791,interfamily_profile_generalization_bonus,right_skewed,heavy_right_tail,upper_tail,tail_outlier,extreme,low_scale,low_scale,extreme_severity,0.1445680718553267,0.29777379049119956,0.042205808468288045,0.0050899510904930025,0.021356690321634578,0.003511713446529957,0.0012022770740337792,0.06295799144773626,0.0805144980946488,0.3408192077101093,0.14456807;0.29777379;0.04220581;0.00508995;0.02135669;0.00351171;0.00120228;0.06295799;0.0805145;0.34081921,101,GA_REGIME_FIRST_20260525_190322
TRUE,cross_family_profile_matched_fixed_weight_no_retraining,lognormal,REG03,lognormal | right_skewed | heavy_right_tail | upper_tail | tail_outlier | extreme | low_scale,invgauss,interfamily_direction_structure_adjacent_rate_scale,24,24,0.1,24,20,40,762223399,TRUE,0.0768109876287945,0.03289245293682777,TRUE,0.094522897426406155,0.055474738867612845,trimmed20,huber,0.11288295979569209,0.06948873936576558,0.16264689021578926,0.20167297069797205,1.2305908352848898,1.686549159847378,interfamily_profile_generalization_bonus,right_skewed,heavy_right_tail,upper_tail,tail_outlier,extreme,low_scale,low_scale,extreme_severity,0.1445680718553267,0.29777379049119956,0.042205808468288045,0.0050899510904930025,0.021356690321634578,0.003511713446529957,0.0012022770740337792,0.06295799144773626,0.0805144980946488,0.3408192077101093,0.14456807;0.29777379;0.04220581;0.00508995;0.02135669;0.00351171;0.00120228;0.06295799;0.0805145;0.34081921,101,GA_REGIME_FIRST_20260525_190322
TRUE,cross_family_profile_matched_fixed_weight_no_retraining,lognormal,REG03,lognormal | right_skewed | heavy_right_tail | upper_tail | tail_outlier | extreme | low_scale,exgaussian,interfamily_direction_structure_adjacent_rate_scale,24,24,0.1,24,20,40,1103082439,TRUE,0.0768109876287945,0.03289245293682777,FALSE,0.5616185910494882,0.4275938086966722,biweight,biweight,0.23087864330569988,0.14548921994330832,-1.432527248977431,-1.9390068134350462,7.311696000529484,12.999754366294782,source_regime_specific_cross_family_no_free_lunch,right_skewed,heavy_right_tail,upper_tail,tail_outlier,extreme,low_scale,low_scale,extreme_severity,0.1445680718553267,0.29777379049119956,0.042205808468288045,0.0050899510904930025,0.021356690321634578,0.003511713446529957,0.0012022770740337792,0.06295799144773626,0.0805144980946488,0.3408192077101093,0.14456807;0.29777379;0.04220581;0.00508995;0.02135669;0.00351171;0.00120228;0.06295799;0.0805145;0.34081921,101,GA_REGIME_FIRST_20260525_190322
TRUE,cross_family_profile_matched_fixed_weight_no_retraining,weibull,REG01,weibull | right_skewed_flexible_shape | flexible_tail | upper_tail | clustered | moderate | extreme_scale,lognormal,interfamily_direction_structure_adjacent_rate_scale,42,24,0.1,24,20,40,1488213081,TRUE,0.11664223549744354,0.053123412309083184,TRUE,0.20272931470953323,0.10600353386389709,huber,huber,0.2079626818715079,0.13661161276717934,0.025164933991296583,0.22405180850344025,1.7380438041436408,1.9954202724243468,interfamily_profile_generalization_bonus,right_skewed_flexible_shape,flexible_tail,upper_tail,clustered,moderate,extreme_scale,extreme_scale,extreme_severity,0.3108804995604482,0.4448962020781118,0.04142224947282688,0.015443136306780705,0.021093500318722612,0.016353862678578322,0.0050925420013002735,0.026679062466962614,0.04686945406166954,0.071269491054599,0.3108805;0.4448962;0.04142225;0.01544314;0.0210935;0.01635386;0.00509254;0.02667906;0.04686945;0.07126949,101,GA_REGIME_FIRST_20260525_190322
TRUE,cross_family_profile_matched_fixed_weight_no_retraining,weibull,REG01,weibull | right_skewed_flexible_shape | flexible_tail | upper_tail | clustered | moderate | extreme_scale,invgauss,interfamily_direction_structure_adjacent_rate_scale,42,24,0.1,24,20,40,1176868800,TRUE,0.11664223549744354,0.053123412309083184,TRUE,0.1159690127564821,0.07828679469482945,huber,huber,0.12003117119141463,0.0875751064459384,0.03384252935781767,0.10606109576054831,0.9942283107050839,1.473677824720045,interfamily_profile_generalization_bonus,right_skewed_flexible_shape,flexible_tail,upper_tail,clustered,moderate,extreme_scale,extreme_scale,extreme_severity,0.3108804995604482,0.4448962020781118,0.04142224947282688,0.015443136306780705,0.021093500318722612,0.016353862678578322,0.0050925420013002735,0.026679062466962614,0.04686945406166954,0.071269491054599,0.3108805;0.4448962;0.04142225;0.01544314;0.0210935;0.01635386;0.00509254;0.02667906;0.04686945;0.07126949,101,GA_REGIME_FIRST_20260525_190322
TRUE,cross_family_profile_matched_fixed_weight_no_retraining,weibull,REG01,weibull | right_skewed_flexible_shape | flexible_tail | upper_tail | clustered | moderate | extreme_scale,exgaussian,interfamily_direction_structure_adjacent_rate_scale,42,24,0.1,24,20,40,72002842,TRUE,0.11664223549744354,0.053123412309083184,FALSE,0.5719424590219945,0.3918391609425014,biweight,biweight,0.04382877473323514,0.019152100144712494,-12.049474061072576,-19.45933124630308,4.903390753597366,7.376016409776592,source_regime_specific_cross_family_no_free_lunch,right_skewed_flexible_shape,flexible_tail,upper_tail,clustered,moderate,extreme_scale,extreme_scale,extreme_severity,0.3108804995604482,0.4448962020781118,0.04142224947282688,0.015443136306780705,0.021093500318722612,0.016353862678578322,0.0050925420013002735,0.026679062466962614,0.04686945406166954,0.071269491054599,0.3108805;0.4448962;0.04142225;0.01544314;0.0210935;0.01635386;0.00509254;0.02667906;0.04686945;0.07126949,101,GA_REGIME_FIRST_20260525_190322
TRUE,cross_family_profile_matched_fixed_weight_no_retraining,weibull,REG03,weibull | right_skewed_flexible_shape | flexible_tail | upper_tail | clustered | moderate | mid_high_scale,lognormal,interfamily_direction_structure_adjacent_rate_scale,54,24,0.1,24,20,40,1218657738,TRUE,0.0630236896997149,0.021681537788179675,FALSE,0.31309376150170887,0.18288720747858073,huber,huber,0.17776827483479193,0.10982539309312499,-0.7612465542117667,-0.6652542943583064,4.967874191252838,8.435158486306811,source_regime_specific_cross_family_no_free_lunch,right_skewed_flexible_shape,flexible_tail,upper_tail,clustered,moderate,moderate_scale,mid_high_scale,moderate_severity,0.5203101132827311,0.22393152125275353,0.02223104863546025,0.005373298516111081,0.06657573440151389,0.012010562768049477,0.0018396133194680834,0.01629539060109755,0.06882117883590763,0.06261153838690732,0.52031011;0.22393152;0.02223105;0.0053733;0.06657573;0.01201056;0.00183961;0.01629539;0.06882118;0.06261154,101,GA_REGIME_FIRST_20260525_190322
TRUE,cross_family_profile_matched_fixed_weight_no_retraining,weibull,REG03,weibull | right_skewed_flexible_shape | flexible_tail | upper_tail | clustered | moderate | mid_high_scale,invgauss,interfamily_direction_structure_adjacent_rate_scale,54,24,0.1,24,20,40,1879710338,TRUE,0.0630236896997149,0.021681537788179675,TRUE,0.11046992261825396,0.06290623875112997,huber,huber,0.13270732543795039,0.09618145182343496,0.16756725935168018,0.3459628903610644,1.752831723163946,2.9013734801838535,interfamily_profile_generalization_bonus,right_skewed_flexible_shape,flexible_tail,upper_tail,clustered,moderate,moderate_scale,mid_high_scale,moderate_severity,0.5203101132827311,0.22393152125275353,0.02223104863546025,0.005373298516111081,0.06657573440151389,0.012010562768049477,0.0018396133194680834,0.01629539060109755,0.06882117883590763,0.06261153838690732,0.52031011;0.22393152;0.02223105;0.0053733;0.06657573;0.01201056;0.00183961;0.01629539;0.06882118;0.06261154,101,GA_REGIME_FIRST_20260525_190322
TRUE,cross_family_profile_matched_fixed_weight_no_retraining,weibull,REG03,weibull | right_skewed_flexible_shape | flexible_tail | upper_tail | clustered | moderate | mid_high_scale,exgaussian,interfamily_direction_structure_adjacent_rate_scale,54,24,0.1,24,20,40,1267474908,TRUE,0.0630236896997149,0.021681537788179675,FALSE,0.5242808047315649,0.3819957830801048,biweight,biweight,0.03203885603399895,0.0133981222669473,-15.363905258035603,-27.511143236464104,8.318789446020292,17.61848199119633,source_regime_specific_cross_family_no_free_lunch,right_skewed_flexible_shape,flexible_tail,upper_tail,clustered,moderate,moderate_scale,mid_high_scale,moderate_severity,0.5203101132827311,0.22393152125275353,0.02223104863546025,0.005373298516111081,0.06657573440151389,0.012010562768049477,0.0018396133194680834,0.01629539060109755,0.06882117883590763,0.06261153838690732,0.52031011;0.22393152;0.02223105;0.0053733;0.06657573;0.01201056;0.00183961;0.01629539;0.06882118;0.06261154,101,GA_REGIME_FIRST_20260525_190322
TRUE,cross_family_profile_matched_fixed_weight_no_retraining,invgauss,REG01,invgauss | right_skewed_duration | heavy_right_tail | point_mass | point_mass | low | extreme_scale,lognormal,interfamily_direction_structure_adjacent_rate_scale,28,24,0.1,24,20,40,714470457,TRUE,0.0767629871080259,0.035646081293070064,FALSE,0.31320443507063467,0.10903178069777048,huber,huber,0.2109873821928343,0.14250309776425996,-0.4844699802185017,0.23488132953871313,4.0801491300200805,3.0587311911873063,source_regime_specific_cross_family_no_free_lunch,right_skewed_duration,heavy_right_tail,point_mass,point_mass,low,extreme_scale,extreme_scale,extreme_severity,0.46017204889325874,0.17433043459419026,0.06728728403828556,0.021919235722117115,0.06133843004369838,0.0466541042930768,0.005721810334265822,0.03781330073205078,0.06417593079015309,0.06058742055890349,0.46017205;0.17433043;0.06728728;0.02191924;0.06133843;0.0466541;0.00572181;0.0378133;0.06417593;0.06058742,101,GA_REGIME_FIRST_20260525_190322
TRUE,cross_family_profile_matched_fixed_weight_no_retraining,invgauss,REG01,invgauss | right_skewed_duration | heavy_right_tail | point_mass | point_mass | low | extreme_scale,weibull,interfamily_direction_structure_adjacent_rate_scale,28,24,0.1,24,20,40,1327587999,TRUE,0.0767629871080259,0.035646081293070064,TRUE,0.1569389616410865,0.06266076345288167,huber,huber,0.2140187609643944,0.15156539218992232,0.26670465274087524,0.5865760478160489,2.0444613680573327,1.7578584006457298,interfamily_profile_generalization_bonus,right_skewed_duration,heavy_right_tail,point_mass,point_mass,low,extreme_scale,extreme_scale,extreme_severity,0.46017204889325874,0.17433043459419026,0.06728728403828556,0.021919235722117115,0.06133843004369838,0.0466541042930768,0.005721810334265822,0.03781330073205078,0.06417593079015309,0.06058742055890349,0.46017205;0.17433043;0.06728728;0.02191924;0.06133843;0.0466541;0.00572181;0.0378133;0.06417593;0.06058742,101,GA_REGIME_FIRST_20260525_190322
TRUE,cross_family_profile_matched_fixed_weight_no_retraining,invgauss,REG01,invgauss | right_skewed_duration | heavy_right_tail | point_mass | point_mass | low | extreme_scale,exgaussian,interfamily_direction_structure_adjacent_rate_scale,28,24,0.1,24,20,40,1790934154,TRUE,0.0767629871080259,0.035646081293070064,FALSE,0.29304822676804065,0.20203811695463877,biweight,biweight,0.023153311320432565,0.008596006101991974,-11.656860295303492,-22.50371958034281,3.817571954981721,5.667891381604659,source_regime_specific_cross_family_no_free_lunch,right_skewed_duration,heavy_right_tail,point_mass,point_mass,low,extreme_scale,extreme_scale,extreme_severity,0.46017204889325874,0.17433043459419026,0.06728728403828556,0.021919235722117115,0.06133843004369838,0.0466541042930768,0.005721810334265822,0.03781330073205078,0.06417593079015309,0.06058742055890349,0.46017205;0.17433043;0.06728728;0.02191924;0.06133843;0.0466541;0.00572181;0.0378133;0.06417593;0.06058742,101,GA_REGIME_FIRST_20260525_190322
TRUE,cross_family_profile_matched_fixed_weight_no_retraining,invgauss,REG02,invgauss | right_skewed_duration | heavy_right_tail | upper_tail | tail_outlier | moderate | mid_high_scale,lognormal,interfamily_direction_structure_adjacent_rate_scale,54,24,0.1,24,20,40,1653434609,TRUE,0.03958585942532434,0.015288027933788225,FALSE,0.30352632461100937,0.15481771317503587,huber,huber,0.23182699197831744,0.15504661517258334,-0.3092794847594305,0.0014763430810224157,7.667544143532384,10.126728825680972,source_regime_specific_cross_family_no_free_lunch,right_skewed_duration,heavy_right_tail,upper_tail,tail_outlier,moderate,moderate_scale,mid_high_scale,moderate_severity,0.519627630561884,0.19038827620256427,0.05537154779772771,0.015577798549204188,0.04852476288138251,0.03552253106275654,0.006155877349222809,0.023074404506232462,0.06363103958054536,0.04212613150848015,0.51962763;0.19038828;0.05537155;0.0155778;0.04852476;0.03552253;0.00615588;0.0230744;0.06363104;0.04212613,101,GA_REGIME_FIRST_20260525_190322
TRUE,cross_family_profile_matched_fixed_weight_no_retraining,invgauss,REG02,invgauss | right_skewed_duration | heavy_right_tail | upper_tail | tail_outlier | moderate | mid_high_scale,weibull,interfamily_direction_structure_adjacent_rate_scale,54,24,0.1,24,20,40,871266462,TRUE,0.03958585942532434,0.015288027933788225,FALSE,0.2189288974922447,0.0793010013708966,huber,huber,0.1656984875431658,0.11756636139918629,-0.32124861691867107,0.3254788153053196,5.530482365797985,5.18713085226941,source_regime_specific_cross_family_no_free_lunch,right_skewed_duration,heavy_right_tail,upper_tail,tail_outlier,moderate,moderate_scale,mid_high_scale,moderate_severity,0.519627630561884,0.19038827620256427,0.05537154779772771,0.015577798549204188,0.04852476288138251,0.03552253106275654,0.006155877349222809,0.023074404506232462,0.06363103958054536,0.04212613150848015,0.51962763;0.19038828;0.05537155;0.0155778;0.04852476;0.03552253;0.00615588;0.0230744;0.06363104;0.04212613,101,GA_REGIME_FIRST_20260525_190322
TRUE,cross_family_profile_matched_fixed_weight_no_retraining,invgauss,REG02,invgauss | right_skewed_duration | heavy_right_tail | upper_tail | tail_outlier | moderate | mid_high_scale,exgaussian,interfamily_direction_structure_adjacent_rate_scale,54,24,0.1,24,20,40,241186540,TRUE,0.03958585942532434,0.015288027933788225,FALSE,1.1875084356003605,0.8852110991172056,biweight,biweight,0.049786583909134076,0.022922652730466217,-22.851976623759533,-37.617306185643386,29.998298705892818,57.90224238816894,source_regime_specific_cross_family_no_free_lunch,right_skewed_duration,heavy_right_tail,upper_tail,tail_outlier,moderate,moderate_scale,mid_high_scale,moderate_severity,0.519627630561884,0.19038827620256427,0.05537154779772771,0.015577798549204188,0.04852476288138251,0.03552253106275654,0.006155877349222809,0.023074404506232462,0.06363103958054536,0.04212613150848015,0.51962763;0.19038828;0.05537155;0.0155778;0.04852476;0.03552253;0.00615588;0.0230744;0.06363104;0.04212613,101,GA_REGIME_FIRST_20260525_190322
TRUE,cross_family_profile_matched_fixed_weight_no_retraining,invgauss,REG03,invgauss | right_skewed_duration | heavy_right_tail | upper_tail | clustered | low | extreme_scale,lognormal,interfamily_direction_structure_adjacent_rate_scale,28,24,0.1,24,20,40,444915114,TRUE,0.0457470242644233,0.019268420032840954,TRUE,0.22745695681523384,0.08605066980519323,huber,huber,0.2456687024479861,0.16903578506713823,0.07413132178094194,0.4909322320625408,4.9720601605807895,4.465891321346701,interfamily_profile_generalization_bonus,right_skewed_duration,heavy_right_tail,upper_tail,clustered,low,extreme_scale,extreme_scale,extreme_severity,0.48167913320925815,0.18070100929349714,0.06918784617468898,0.019796837463844287,0.0502695531774139,0.042050371958600584,0.006205977060396834,0.0347126895010108,0.07735813326866917,0.03803844889262019,0.48167913;0.18070101;0.06918785;0.01979684;0.05026955;0.04205037;0.00620598;0.03471269;0.07735813;0.03803845,101,GA_REGIME_FIRST_20260525_190322
TRUE,cross_family_profile_matched_fixed_weight_no_retraining,invgauss,REG03,invgauss | right_skewed_duration | heavy_right_tail | upper_tail | clustered | low | extreme_scale,weibull,interfamily_direction_structure_adjacent_rate_scale,28,24,0.1,24,20,40,414944925,TRUE,0.0457470242644233,0.019268420032840954,TRUE,0.16121143187878978,0.058305512963327116,huber,huber,0.19888673100417203,0.145522689980716,0.18943093355183413,0.5993373062877491,3.523976356220338,3.025962318702087,interfamily_profile_generalization_bonus,right_skewed_duration,heavy_right_tail,upper_tail,clustered,low,extreme_scale,extreme_scale,extreme_severity,0.48167913320925815,0.18070100929349714,0.06918784617468898,0.019796837463844287,0.0502695531774139,0.042050371958600584,0.006205977060396834,0.0347126895010108,0.07735813326866917,0.03803844889262019,0.48167913;0.18070101;0.06918785;0.01979684;0.05026955;0.04205037;0.00620598;0.03471269;0.07735813;0.03803845,101,GA_REGIME_FIRST_20260525_190322
TRUE,cross_family_profile_matched_fixed_weight_no_retraining,invgauss,REG03,invgauss | right_skewed_duration | heavy_right_tail | upper_tail | clustered | low | extreme_scale,exgaussian,interfamily_direction_structure_adjacent_rate_scale,28,24,0.1,24,20,40,838922573,TRUE,0.0457470242644233,0.019268420032840954,FALSE,0.3207864455137437,0.18857915416764862,biweight,biweight,0.01823919687744492,0.005254396502832275,-16.587750582036268,-34.88978373274821,7.012181680988632,9.786954708089649,source_regime_specific_cross_family_no_free_lunch,right_skewed_duration,heavy_right_tail,upper_tail,clustered,low,extreme_scale,extreme_scale,extreme_severity,0.48167913320925815,0.18070100929349714,0.06918784617468898,0.019796837463844287,0.0502695531774139,0.042050371958600584,0.006205977060396834,0.0347126895010108,0.07735813326866917,0.03803844889262019,0.48167913;0.18070101;0.06918785;0.01979684;0.05026955;0.04205037;0.00620598;0.03471269;0.07735813;0.03803845,101,GA_REGIME_FIRST_20260525_190322
TRUE,cross_family_profile_matched_fixed_weight_no_retraining,exwald,REG01,exwald | first_passage_right_skewed | heavy_first_passage_tail | bimodal | bimodal_mixture | extreme | extreme_scale,lognormal,interfamily_direction_structure_adjacent_rate_scale,42,24,0.1,24,20,40,110037591,TRUE,0.29413376907222016,0.11883468515475466,FALSE,0.27881033355083296,0.18408493118587177,geometric,mean,0.2603770840805014,0.08573659159277662,-0.07079443851733777,-1.1470987797027608,0.947903174903482,1.5490841831624722,source_regime_specific_cross_family_no_free_lunch,first_passage_right_skewed,heavy_first_passage_tail,bimodal,bimodal_mixture,extreme,extreme_scale,extreme_scale,extreme_severity,0.03231680599037053,0.030677481841023677,0.12147521729865944,0.0069136264528269304,0.5334132700653783,0.00806023948208352,0.0053526600659054915,0.017244380604297282,0.07229662648276139,0.17224969171669346,0.03231681;0.03067748;0.12147522;0.00691363;0.53341327;0.00806024;0.00535266;0.01724438;0.07229663;0.17224969,101,GA_REGIME_FIRST_20260525_190322
TRUE,cross_family_profile_matched_fixed_weight_no_retraining,exwald,REG01,exwald | first_passage_right_skewed | heavy_first_passage_tail | bimodal | bimodal_mixture | extreme | extreme_scale,weibull,interfamily_direction_structure_adjacent_rate_scale,42,24,0.1,24,20,40,1046118670,TRUE,0.29413376907222016,0.11883468515475466,FALSE,0.4050271638740564,0.27939311212443463,mean,mean,0.2708866681080426,0.0635273477393649,-0.4951904672991028,-3.3979974304500966,1.3770168761997235,2.3511074376831873,source_regime_specific_cross_family_no_free_lunch,first_passage_right_skewed,heavy_first_passage_tail,bimodal,bimodal_mixture,extreme,extreme_scale,extreme_scale,extreme_severity,0.03231680599037053,0.030677481841023677,0.12147521729865944,0.0069136264528269304,0.5334132700653783,0.00806023948208352,0.0053526600659054915,0.017244380604297282,0.07229662648276139,0.17224969171669346,0.03231681;0.03067748;0.12147522;0.00691363;0.53341327;0.00806024;0.00535266;0.01724438;0.07229663;0.17224969,101,GA_REGIME_FIRST_20260525_190322
TRUE,cross_family_profile_matched_fixed_weight_no_retraining,exwald,REG01,exwald | first_passage_right_skewed | heavy_first_passage_tail | bimodal | bimodal_mixture | extreme | extreme_scale,invgauss,interfamily_direction_structure_adjacent_rate_scale,42,24,0.1,24,20,40,740130248,TRUE,0.29413376907222016,0.11883468515475466,FALSE,0.19698103135069914,0.13178331364979606,mean,mean,0.09887933768188599,0.028210616495770762,-0.9921354245255282,-3.671408498494925,0.6696987971539701,1.10896337611422,source_regime_specific_cross_family_no_free_lunch,first_passage_right_skewed,heavy_first_passage_tail,bimodal,bimodal_mixture,extreme,extreme_scale,extreme_scale,extreme_severity,0.03231680599037053,0.030677481841023677,0.12147521729865944,0.0069136264528269304,0.5334132700653783,0.00806023948208352,0.0053526600659054915,0.017244380604297282,0.07229662648276139,0.17224969171669346,0.03231681;0.03067748;0.12147522;0.00691363;0.53341327;0.00806024;0.00535266;0.01724438;0.07229663;0.17224969,101,GA_REGIME_FIRST_20260525_190322
TRUE,cross_family_profile_matched_fixed_weight_no_retraining,exwald,REG02,exwald | first_passage_right_skewed | heavy_first_passage_tail | upper_tail | tail_outlier | high | extreme_scale,lognormal,interfamily_direction_structure_adjacent_rate_scale,35,24,0.1,24,20,40,1049001743,TRUE,0.3807789252613001,0.20091420270545357,TRUE,0.20900493426807773,0.12394719856042714,geometric,geometric,0.23320495530291765,0.15200108282827324,0.10377147005003363,0.18456371326878018,0.5488878727311508,0.6169160611383987,interfamily_profile_generalization_bonus,first_passage_right_skewed,heavy_first_passage_tail,upper_tail,tail_outlier,high,extreme_scale,extreme_scale,extreme_severity,0.05675196376506366,0.14814917725826338,0.008696504562785118,0.0043674834839690395,0.008093811855377164,0.002254886205571171,5.690097754125236e-4,0.004198135701239172,0.09468152009556666,0.6722375072967521,0.05675196;0.14814918;0.0086965;0.00436748;0.00809381;0.00225489;0.00056901;0.00419814;0.09468152;0.67223751,101,GA_REGIME_FIRST_20260525_190322
TRUE,cross_family_profile_matched_fixed_weight_no_retraining,exwald,REG02,exwald | first_passage_right_skewed | heavy_first_passage_tail | upper_tail | tail_outlier | high | extreme_scale,weibull,interfamily_direction_structure_adjacent_rate_scale,35,24,0.1,24,20,40,589797133,TRUE,0.3807789252613001,0.20091420270545357,FALSE,0.16739434092394898,0.10686414407615978,huber,huber,0.1726890004115017,0.09372192064979636,0.030660085326253497,-0.14022571598090436,0.43961030881275576,0.5318894465230715,source_regime_specific_cross_family_no_free_lunch,first_passage_right_skewed,heavy_first_passage_tail,upper_tail,tail_outlier,high,extreme_scale,extreme_scale,extreme_severity,0.05675196376506366,0.14814917725826338,0.008696504562785118,0.0043674834839690395,0.008093811855377164,0.002254886205571171,5.690097754125236e-4,0.004198135701239172,0.09468152009556666,0.6722375072967521,0.05675196;0.14814918;0.0086965;0.00436748;0.00809381;0.00225489;0.00056901;0.00419814;0.09468152;0.67223751,101,GA_REGIME_FIRST_20260525_190322
TRUE,cross_family_profile_matched_fixed_weight_no_retraining,exwald,REG02,exwald | first_passage_right_skewed | heavy_first_passage_tail | upper_tail | tail_outlier | high | extreme_scale,invgauss,interfamily_direction_structure_adjacent_rate_scale,35,24,0.1,24,20,40,1091551017,TRUE,0.3807789252613001,0.20091420270545357,FALSE,0.13612401405018576,0.09517889713821599,huber,huber,0.11559877523992441,0.07003948426249125,-0.17755585011591865,-0.3589320101380144,0.3574883088826845,0.4737290637301409,source_regime_specific_cross_family_no_free_lunch,first_passage_right_skewed,heavy_first_passage_tail,upper_tail,tail_outlier,high,extreme_scale,extreme_scale,extreme_severity,0.05675196376506366,0.14814917725826338,0.008696504562785118,0.0043674834839690395,0.008093811855377164,0.002254886205571171,5.690097754125236e-4,0.004198135701239172,0.09468152009556666,0.6722375072967521,0.05675196;0.14814918;0.0086965;0.00436748;0.00809381;0.00225489;0.00056901;0.00419814;0.09468152;0.67223751,101,GA_REGIME_FIRST_20260525_190322
TRUE,cross_family_profile_matched_fixed_weight_no_retraining,lognormal,REG01,lognormal | right_skewed | heavy_right_tail | point_mass | point_mass | moderate | extreme_scale,weibull,interfamily_direction_structure_adjacent_rate_scale,42,24,0.1,24,20,40,1197686345,TRUE,0.1405523647504901,0.08047088729081635,TRUE,0.17175877811558016,0.10675740158017581,huber,huber,0.17606190479549583,0.10957333370183242,0.024440986736395432,0.025699064055982244,1.2220269535789452,1.3266586858056517,interfamily_profile_generalization_bonus,right_skewed,heavy_right_tail,point_mass,point_mass,moderate,extreme_scale,extreme_scale,extreme_severity,0.17117642674773656,0.06794604593322393,0.08119184534746952,0.00780224782039286,0.17771856456319088,0.022461691879420143,0.0013797074820691016,0.05527501835506499,0.18209390039050036,0.23295455148093172,0.17117643;0.06794605;0.08119185;0.00780225;0.17771856;0.02246169;0.00137971;0.05527502;0.1820939;0.23295455,202,GA_REGIME_FIRST_20260526_164654
TRUE,cross_family_profile_matched_fixed_weight_no_retraining,lognormal,REG01,lognormal | right_skewed | heavy_right_tail | point_mass | point_mass | moderate | extreme_scale,invgauss,interfamily_direction_structure_adjacent_rate_scale,42,24,0.1,24,20,40,1268142850,TRUE,0.1405523647504901,0.08047088729081635,TRUE,0.1149844089709351,0.07421954146710363,huber,huber,0.1367932876533913,0.08531058522235896,0.1594294504972817,0.13000782641704908,0.8180894656183013,0.9223154356178143,interfamily_profile_generalization_bonus,right_skewed,heavy_right_tail,point_mass,point_mass,moderate,extreme_scale,extreme_scale,extreme_severity,0.17117642674773656,0.06794604593322393,0.08119184534746952,0.00780224782039286,0.17771856456319088,0.022461691879420143,0.0013797074820691016,0.05527501835506499,0.18209390039050036,0.23295455148093172,0.17117643;0.06794605;0.08119185;0.00780225;0.17771856;0.02246169;0.00137971;0.05527502;0.1820939;0.23295455,202,GA_REGIME_FIRST_20260526_164654
TRUE,cross_family_profile_matched_fixed_weight_no_retraining,lognormal,REG01,lognormal | right_skewed | heavy_right_tail | point_mass | point_mass | moderate | extreme_scale,exgaussian,interfamily_direction_structure_adjacent_rate_scale,42,24,0.1,24,20,40,910396229,TRUE,0.1405523647504901,0.08047088729081635,FALSE,0.34142524334685814,0.2565926567333514,median,median,0.11131721548893514,0.055476813950886855,-2.0671378352859398,-3.625223376325927,2.42916754869639,3.188639585926948,source_regime_specific_cross_family_no_free_lunch,right_skewed,heavy_right_tail,point_mass,point_mass,moderate,extreme_scale,extreme_scale,extreme_severity,0.17117642674773656,0.06794604593322393,0.08119184534746952,0.00780224782039286,0.17771856456319088,0.022461691879420143,0.0013797074820691016,0.05527501835506499,0.18209390039050036,0.23295455148093172,0.17117643;0.06794605;0.08119185;0.00780225;0.17771856;0.02246169;0.00137971;0.05527502;0.1820939;0.23295455,202,GA_REGIME_FIRST_20260526_164654
TRUE,cross_family_profile_matched_fixed_weight_no_retraining,lognormal,REG02,lognormal | right_skewed | heavy_right_tail | point_mass | point_mass | low | extreme_scale,weibull,interfamily_direction_structure_adjacent_rate_scale,28,24,0.1,24,20,40,741364808,TRUE,0.1576724130545628,0.08478894615862266,FALSE,0.22195207316358045,0.11684070564014211,huber,huber,0.20129854906866762,0.15142706529324823,-0.10260145535259091,0.22840276000792203,1.40767854605844,1.3780181371776832,source_regime_specific_cross_family_no_free_lunch,right_skewed,heavy_right_tail,point_mass,point_mass,low,extreme_scale,extreme_scale,extreme_severity,0.2688398834604422,0.04329274190316336,0.06877384956122085,0.010591273630923846,0.22844086108771167,0.020422686217489282,0.004482771001036491,0.14908109057779495,0.09273295831940322,0.11334188424081414,0.26883988;0.04329274;0.06877385;0.01059127;0.22844086;0.02042269;0.00448277;0.14908109;0.09273296;0.11334188,202,GA_REGIME_FIRST_20260526_164654
TRUE,cross_family_profile_matched_fixed_weight_no_retraining,lognormal,REG02,lognormal | right_skewed | heavy_right_tail | point_mass | point_mass | low | extreme_scale,invgauss,interfamily_direction_structure_adjacent_rate_scale,28,24,0.1,24,20,40,1619563619,TRUE,0.1576724130545628,0.08478894615862266,FALSE,0.12087958136323948,0.0789493809948347,mean,mean,0.08461428000568093,0.04668162716658356,-0.42859552022064284,-0.6912302716529634,0.766650164227792,0.931128225679389,source_regime_specific_cross_family_no_free_lunch,right_skewed,heavy_right_tail,point_mass,point_mass,low,extreme_scale,extreme_scale,extreme_severity,0.2688398834604422,0.04329274190316336,0.06877384956122085,0.010591273630923846,0.22844086108771167,0.020422686217489282,0.004482771001036491,0.14908109057779495,0.09273295831940322,0.11334188424081414,0.26883988;0.04329274;0.06877385;0.01059127;0.22844086;0.02042269;0.00448277;0.14908109;0.09273296;0.11334188,202,GA_REGIME_FIRST_20260526_164654
TRUE,cross_family_profile_matched_fixed_weight_no_retraining,lognormal,REG02,lognormal | right_skewed | heavy_right_tail | point_mass | point_mass | low | extreme_scale,exgaussian,interfamily_direction_structure_adjacent_rate_scale,28,24,0.1,24,20,40,1508132262,TRUE,0.1576724130545628,0.08478894615862266,FALSE,0.17453413496537634,0.12398664935784716,biweight,biweight,0.018101147122855887,0.0049267496717933365,-8.642158796464017,-24.166013618173135,1.1069414844553154,1.4622973273477342,source_regime_specific_cross_family_no_free_lunch,right_skewed,heavy_right_tail,point_mass,point_mass,low,extreme_scale,extreme_scale,extreme_severity,0.2688398834604422,0.04329274190316336,0.06877384956122085,0.010591273630923846,0.22844086108771167,0.020422686217489282,0.004482771001036491,0.14908109057779495,0.09273295831940322,0.11334188424081414,0.26883988;0.04329274;0.06877385;0.01059127;0.22844086;0.02042269;0.00448277;0.14908109;0.09273296;0.11334188,202,GA_REGIME_FIRST_20260526_164654
TRUE,cross_family_profile_matched_fixed_weight_no_retraining,weibull,REG01,weibull | right_skewed_flexible_shape | flexible_tail | upper_tail | clustered | moderate | extreme_scale,lognormal,interfamily_direction_structure_adjacent_rate_scale,42,24,0.1,24,20,40,1530226274,TRUE,0.13226256133945752,0.07273683501680234,FALSE,0.23842649594469278,0.14227322887495303,huber,huber,0.17644228608670515,0.11686571118486454,-0.3513001969787265,-0.21740780449861882,1.802675628902712,1.9559997192637217,source_regime_specific_cross_family_no_free_lunch,right_skewed_flexible_shape,flexible_tail,upper_tail,clustered,moderate,extreme_scale,extreme_scale,extreme_severity,0.2805147150414511,0.07177094124038715,0.16058132262742192,0.009022589650455909,0.025151730551881076,0.012966482589288775,0.0025678379741809,0.03422841616783235,0.186586947722223,0.21660901643487787,0.28051472;0.07177094;0.16058132;0.00902259;0.02515173;0.01296648;0.00256784;0.03422842;0.18658695;0.21660902,202,GA_REGIME_FIRST_20260526_164654
TRUE,cross_family_profile_matched_fixed_weight_no_retraining,weibull,REG01,weibull | right_skewed_flexible_shape | flexible_tail | upper_tail | clustered | moderate | extreme_scale,invgauss,interfamily_direction_structure_adjacent_rate_scale,42,24,0.1,24,20,40,210002220,TRUE,0.13226256133945752,0.07273683501680234,TRUE,0.09768040177663234,0.05948796196308818,huber,huber,0.1124239609924772,0.07401536743751903,0.1311424992106467,0.1962755300309502,0.7385340249474897,0.8178519445962764,interfamily_profile_generalization_bonus,right_skewed_flexible_shape,flexible_tail,upper_tail,clustered,moderate,extreme_scale,extreme_scale,extreme_severity,0.2805147150414511,0.07177094124038715,0.16058132262742192,0.009022589650455909,0.025151730551881076,0.012966482589288775,0.0025678379741809,0.03422841616783235,0.186586947722223,0.21660901643487787,0.28051472;0.07177094;0.16058132;0.00902259;0.02515173;0.01296648;0.00256784;0.03422842;0.18658695;0.21660902,202,GA_REGIME_FIRST_20260526_164654
TRUE,cross_family_profile_matched_fixed_weight_no_retraining,weibull,REG01,weibull | right_skewed_flexible_shape | flexible_tail | upper_tail | clustered | moderate | extreme_scale,exgaussian,interfamily_direction_structure_adjacent_rate_scale,42,24,0.1,24,20,40,1280763831,TRUE,0.13226256133945752,0.07273683501680234,FALSE,0.5497327223781712,0.38200899503225993,biweight,biweight,0.05007373229130266,0.021793534241838563,-9.978465099628218,-16.528547264369916,4.156374387481445,5.251933149672559,source_regime_specific_cross_family_no_free_lunch,right_skewed_flexible_shape,flexible_tail,upper_tail,clustered,moderate,extreme_scale,extreme_scale,extreme_severity,0.2805147150414511,0.07177094124038715,0.16058132262742192,0.009022589650455909,0.025151730551881076,0.012966482589288775,0.0025678379741809,0.03422841616783235,0.186586947722223,0.21660901643487787,0.28051472;0.07177094;0.16058132;0.00902259;0.02515173;0.01296648;0.00256784;0.03422842;0.18658695;0.21660902,202,GA_REGIME_FIRST_20260526_164654
TRUE,cross_family_profile_matched_fixed_weight_no_retraining,weibull,REG03,weibull | right_skewed_flexible_shape | flexible_tail | upper_tail | clustered | moderate | mid_high_scale,lognormal,interfamily_direction_structure_adjacent_rate_scale,54,24,0.1,24,20,40,1260670931,TRUE,0.09053881451908884,0.031436880211896424,FALSE,0.9653484154580182,0.6197558188230002,huber,huber,0.17595020640402131,0.10865546513926107,-4.486486405346262,-4.703862369223402,10.662260386056035,19.71429145086593,source_regime_specific_cross_family_no_free_lunch,right_skewed_flexible_shape,flexible_tail,upper_tail,clustered,moderate,moderate_scale,mid_high_scale,moderate_severity,0.6379252540055612,0.10643114632453932,0.06050390654371621,0.004576642324644835,0.01084595180649039,0.007748241286927923,0.0012595962651425268,0.01689036847974364,0.07069918192753516,0.08311971103569873,0.63792525;0.10643115;0.06050391;0.00457664;0.01084595;0.00774824;0.0012596;0.01689037;0.07069918;0.08311971,202,GA_REGIME_FIRST_20260526_164654
TRUE,cross_family_profile_matched_fixed_weight_no_retraining,weibull,REG03,weibull | right_skewed_flexible_shape | flexible_tail | upper_tail | clustered | moderate | mid_high_scale,invgauss,interfamily_direction_structure_adjacent_rate_scale,54,24,0.1,24,20,40,912843758,TRUE,0.09053881451908884,0.031436880211896424,TRUE,0.07773588354056138,0.03649756773827352,huber,huber,0.13225956481385828,0.09173239144676945,0.41224754783989437,0.6021299874204795,0.8585917979223514,1.1609793176391925,interfamily_profile_generalization_bonus,right_skewed_flexible_shape,flexible_tail,upper_tail,clustered,moderate,moderate_scale,mid_high_scale,moderate_severity,0.6379252540055612,0.10643114632453932,0.06050390654371621,0.004576642324644835,0.01084595180649039,0.007748241286927923,0.0012595962651425268,0.01689036847974364,0.07069918192753516,0.08311971103569873,0.63792525;0.10643115;0.06050391;0.00457664;0.01084595;0.00774824;0.0012596;0.01689037;0.07069918;0.08311971,202,GA_REGIME_FIRST_20260526_164654
TRUE,cross_family_profile_matched_fixed_weight_no_retraining,weibull,REG03,weibull | right_skewed_flexible_shape | flexible_tail | upper_tail | clustered | moderate | mid_high_scale,exgaussian,interfamily_direction_structure_adjacent_rate_scale,54,24,0.1,24,20,40,328752250,TRUE,0.09053881451908884,0.031436880211896424,FALSE,0.8376811360873093,0.621997536854878,biweight,biweight,0.044322413987374305,0.01745307606870492,-17.899718239805974,-34.63827570404867,9.252176986495044,19.785599990921316,source_regime_specific_cross_family_no_free_lunch,right_skewed_flexible_shape,flexible_tail,upper_tail,clustered,moderate,moderate_scale,mid_high_scale,moderate_severity,0.6379252540055612,0.10643114632453932,0.06050390654371621,0.004576642324644835,0.01084595180649039,0.007748241286927923,0.0012595962651425268,0.01689036847974364,0.07069918192753516,0.08311971103569873,0.63792525;0.10643115;0.06050391;0.00457664;0.01084595;0.00774824;0.0012596;0.01689037;0.07069918;0.08311971,202,GA_REGIME_FIRST_20260526_164654
TRUE,cross_family_profile_matched_fixed_weight_no_retraining,invgauss,REG01,invgauss | right_skewed_duration | heavy_right_tail | point_mass | point_mass | moderate | extreme_scale,lognormal,interfamily_direction_structure_adjacent_rate_scale,42,24,0.1,24,20,40,1923231446,TRUE,0.048066760373263615,0.021761658518494344,FALSE,0.9310497994535014,0.6557157544265132,huber,huber,0.2807959151616009,0.1791764204015036,-2.315752648735496,-2.659609634763922,19.369930326155565,30.13169946762631,source_regime_specific_cross_family_no_free_lunch,right_skewed_duration,heavy_right_tail,point_mass,point_mass,moderate,extreme_scale,extreme_scale,extreme_severity,0.5952729530043942,0.018675027376231564,0.0983801595250377,0.014661222085370993,0.08179541698248186,0.011115721539737328,0.0018464897719712523,0.026113509697892223,0.12468766822652075,0.027451831790362185,0.59527295;0.01867503;0.09838016;0.01466122;0.08179542;0.01111572;0.00184649;0.02611351;0.12468767;0.02745183,202,GA_REGIME_FIRST_20260526_164654
TRUE,cross_family_profile_matched_fixed_weight_no_retraining,invgauss,REG01,invgauss | right_skewed_duration | heavy_right_tail | point_mass | point_mass | moderate | extreme_scale,weibull,interfamily_direction_structure_adjacent_rate_scale,42,24,0.1,24,20,40,360721419,TRUE,0.048066760373263615,0.021761658518494344,FALSE,0.41861188911170916,0.26115270641337945,huber,huber,0.18488894118006663,0.1315190455622335,-1.2641261637317263,-0.9856645499211664,8.708968231939478,12.000588382518542,source_regime_specific_cross_family_no_free_lunch,right_skewed_duration,heavy_right_tail,point_mass,point_mass,moderate,extreme_scale,extreme_scale,extreme_severity,0.5952729530043942,0.018675027376231564,0.0983801595250377,0.014661222085370993,0.08179541698248186,0.011115721539737328,0.0018464897719712523,0.026113509697892223,0.12468766822652075,0.027451831790362185,0.59527295;0.01867503;0.09838016;0.01466122;0.08179542;0.01111572;0.00184649;0.02611351;0.12468767;0.02745183,202,GA_REGIME_FIRST_20260526_164654
TRUE,cross_family_profile_matched_fixed_weight_no_retraining,invgauss,REG01,invgauss | right_skewed_duration | heavy_right_tail | point_mass | point_mass | moderate | extreme_scale,exgaussian,interfamily_direction_structure_adjacent_rate_scale,42,24,0.1,24,20,40,1224833835,TRUE,0.048066760373263615,0.021761658518494344,FALSE,1.721303091084357,1.407725678981688,biweight,biweight,0.0330185038468354,0.015897255868847892,-51.13146843412171,-87.55148904363439,35.810674105800445,64.68834522518729,source_regime_specific_cross_family_no_free_lunch,right_skewed_duration,heavy_right_tail,point_mass,point_mass,moderate,extreme_scale,extreme_scale,extreme_severity,0.5952729530043942,0.018675027376231564,0.0983801595250377,0.014661222085370993,0.08179541698248186,0.011115721539737328,0.0018464897719712523,0.026113509697892223,0.12468766822652075,0.027451831790362185,0.59527295;0.01867503;0.09838016;0.01466122;0.08179542;0.01111572;0.00184649;0.02611351;0.12468767;0.02745183,202,GA_REGIME_FIRST_20260526_164654
TRUE,cross_family_profile_matched_fixed_weight_no_retraining,invgauss,REG02,invgauss | right_skewed_duration | heavy_right_tail | upper_tail | clustered | moderate | mid_high_scale,lognormal,interfamily_direction_structure_adjacent_rate_scale,54,24,0.1,24,20,40,714711951,TRUE,0.031694268124929016,0.011714409270004432,FALSE,0.6528761307929084,0.41099279415144074,huber,huber,0.2386027165373544,0.15705550112145816,-1.7362476851304467,-1.616863409527976,20.599186206126394,35.084380666870864,source_regime_specific_cross_family_no_free_lunch,right_skewed_duration,heavy_right_tail,upper_tail,clustered,moderate,moderate_scale,mid_high_scale,moderate_severity,0.59290192273297,0.09594200317974612,0.05795947826575751,0.06449320386931841,0.06160396354421714,0.017561032560021818,0.004658235935938784,0.022653960657876466,0.04218050095516083,0.04004569829899298,0.59290192;0.095942;0.05795948;0.0644932;0.06160396;0.01756103;0.00465824;0.02265396;0.0421805;0.0400457,202,GA_REGIME_FIRST_20260526_164654
TRUE,cross_family_profile_matched_fixed_weight_no_retraining,invgauss,REG02,invgauss | right_skewed_duration | heavy_right_tail | upper_tail | clustered | moderate | mid_high_scale,weibull,interfamily_direction_structure_adjacent_rate_scale,54,24,0.1,24,20,40,2051883529,TRUE,0.031694268124929016,0.011714409270004432,FALSE,0.5349580202812106,0.1509238591856645,huber,huber,0.18039462873401668,0.1264569146947845,-1.9654875205182265,-0.19348047949564284,16.878699270028658,12.88360818664856,source_regime_specific_cross_family_no_free_lunch,right_skewed_duration,heavy_right_tail,upper_tail,clustered,moderate,moderate_scale,mid_high_scale,moderate_severity,0.59290192273297,0.09594200317974612,0.05795947826575751,0.06449320386931841,0.06160396354421714,0.017561032560021818,0.004658235935938784,0.022653960657876466,0.04218050095516083,0.04004569829899298,0.59290192;0.095942;0.05795948;0.0644932;0.06160396;0.01756103;0.00465824;0.02265396;0.0421805;0.0400457,202,GA_REGIME_FIRST_20260526_164654
TRUE,cross_family_profile_matched_fixed_weight_no_retraining,invgauss,REG02,invgauss | right_skewed_duration | heavy_right_tail | upper_tail | clustered | moderate | mid_high_scale,exgaussian,interfamily_direction_structure_adjacent_rate_scale,54,24,0.1,24,20,40,1822569868,TRUE,0.031694268124929016,0.011714409270004432,FALSE,1.3257418474914993,0.9248851173996915,biweight,biweight,0.058857036888809104,0.025700104560599117,-21.524780681272233,-34.98760134161661,41.829072759276386,78.95277482655246,source_regime_specific_cross_family_no_free_lunch,right_skewed_duration,heavy_right_tail,upper_tail,clustered,moderate,moderate_scale,mid_high_scale,moderate_severity,0.59290192273297,0.09594200317974612,0.05795947826575751,0.06449320386931841,0.06160396354421714,0.017561032560021818,0.004658235935938784,0.022653960657876466,0.04218050095516083,0.04004569829899298,0.59290192;0.095942;0.05795948;0.0644932;0.06160396;0.01756103;0.00465824;0.02265396;0.0421805;0.0400457,202,GA_REGIME_FIRST_20260526_164654
TRUE,cross_family_profile_matched_fixed_weight_no_retraining,exwald,REG03,exwald | first_passage_right_skewed | heavy_first_passage_tail | point_mass | point_mass | high | low_scale,lognormal,interfamily_direction_structure_adjacent_rate_scale,40,24,0.1,24,20,40,1021099315,TRUE,0.49087183709560434,0.2931040476486715,FALSE,0.8748017774638536,0.6725361091546801,median,median,0.23317120560197538,0.15356317007751558,-2.751757320131516,-3.379540412012971,1.7821388626369519,2.294530268509016,source_regime_specific_cross_family_no_free_lunch,first_passage_right_skewed,heavy_first_passage_tail,point_mass,point_mass,high,low_scale,low_scale,high_severity,0.08890982165263862,0.07340239118071071,0.1766126942533987,0.029747565148935298,0.059465690606699664,0.0290899226345974,0.0017575328422540985,0.27057948899965967,0.1386009529030321,0.13183393977807376,0.08890982;0.07340239;0.17661269;0.02974757;0.05946569;0.02908992;0.00175753;0.27057949;0.13860095;0.13183394,202,GA_REGIME_FIRST_20260526_164654
TRUE,cross_family_profile_matched_fixed_weight_no_retraining,exwald,REG03,exwald | first_passage_right_skewed | heavy_first_passage_tail | point_mass | point_mass | high | low_scale,weibull,interfamily_direction_structure_adjacent_rate_scale,40,24,0.1,24,20,40,787262391,TRUE,0.49087183709560434,0.2931040476486715,FALSE,0.3390733633575112,0.24942963479890326,median,median,0.2577282524341187,0.19398987068708784,-0.31562356922383045,-0.28578690173445104,0.6907574192136451,0.8509934843923771,source_regime_specific_cross_family_no_free_lunch,first_passage_right_skewed,heavy_first_passage_tail,point_mass,point_mass,high,low_scale,low_scale,high_severity,0.08890982165263862,0.07340239118071071,0.1766126942533987,0.029747565148935298,0.059465690606699664,0.0290899226345974,0.0017575328422540985,0.27057948899965967,0.1386009529030321,0.13183393977807376,0.08890982;0.07340239;0.17661269;0.02974757;0.05946569;0.02908992;0.00175753;0.27057949;0.13860095;0.13183394,202,GA_REGIME_FIRST_20260526_164654
TRUE,cross_family_profile_matched_fixed_weight_no_retraining,exwald,REG03,exwald | first_passage_right_skewed | heavy_first_passage_tail | point_mass | point_mass | high | low_scale,invgauss,interfamily_direction_structure_adjacent_rate_scale,40,24,0.1,24,20,40,1189696051,TRUE,0.49087183709560434,0.2931040476486715,TRUE,0.1525579532884361,0.10889133677439702,trimmed20,huber,0.17259990599063912,0.1287095715796585,0.11611798156584087,0.15397638700741056,0.3107897861706262,0.37151085987235455,interfamily_profile_generalization_bonus,first_passage_right_skewed,heavy_first_passage_tail,point_mass,point_mass,high,low_scale,low_scale,high_severity,0.08890982165263862,0.07340239118071071,0.1766126942533987,0.029747565148935298,0.059465690606699664,0.0290899226345974,0.0017575328422540985,0.27057948899965967,0.1386009529030321,0.13183393977807376,0.08890982;0.07340239;0.17661269;0.02974757;0.05946569;0.02908992;0.00175753;0.27057949;0.13860095;0.13183394,202,GA_REGIME_FIRST_20260526_164654
