family,specialist_regime_id,regime_key,experimental_condition_key,condition_summary,shape_regime,tail_regime,contamination_direction,contamination_structure,rate_regime,scale_regime,scale_group_regime,severity_regime,status,skip_reason,n_scenarios,n_exact_scenarios,n_neighbor_scenarios,n_neighbor_regimes,neighborhood_used,n_train_scenarios,n_heldout_scenarios,winner_type,final_selected_type,final_selected_estimator,gate_pass,ga_candidate_k,ga_candidate_source,ga_candidate_protected_elite,protected_elite_origin,protected_elite_one_stage_only,n_protected_elites_competing,ga_heldout_q95_mse,ga_heldout_mean_mse,final_selected_q95_mse,final_selected_mean_mse,best_benchmark_q95_estimator,best_benchmark_mean_estimator,ga_rel_improvement_q95,ga_rel_improvement_mean,profile_audit_run,profile_match_level,profile_audit_n_available,profile_audit_n_scenarios,profile_audit_excluded_source_scenarios,profile_audit_gate_pass,profile_audit_final_selected_type,profile_audit_final_selected_estimator,profile_audit_rel_improvement_q95,profile_audit_rel_improvement_mean,profile_audit_interpretation,profile_to_heldout_q95_ratio,profile_to_heldout_mean_ratio,winner_weight_vector,w_mean,w_median,w_trimmed20,w_harmonic,w_geometric,w_mode_hsm,w_mode_parzen,w_trimean,w_huber,w_biweight,interfamily_profile_audit_run,interfamily_profile_n_targets,interfamily_profile_n_passes,interfamily_profile_best_rel_improvement_q95,interfamily_profile_best_rel_improvement_mean,interfamily_profile_interpretations,interfamily_profile_target_families,thesis_result_label,run_seed,seed_run_id
normal,REG01,normal | symmetric | light_tail | bimodal | bimodal_mixture | high | extreme_scale,normal | symmetric | light_tail | contaminated | bimodal | bimodal_mixture | high | extreme_scale | extreme_severity,shape=symmetric | tail=light_tail | contamination=contaminated | direction=bimodal | structure=bimodal_mixture | severity=extreme_severity | rates={0.15;0.2} | scales={30} | types={mixture_bimodal_far;mixture_bimodal_near},symmetric,light_tail,bimodal,bimodal_mixture,high,extreme_scale,extreme_scale,extreme_severity,evaluated,NA,24,4,20,2,TRUE,17,7,benchmark,benchmark,biweight,FALSE,2,current_specialist_finalist,FALSE,NA,FALSE,1,0.04016273519615048,0.011218082548763495,0.040068507961516855,0.010918749189299398,biweight,biweight,-0.0023516531916230737,-0.027414619957571357,TRUE,family_direction_structure_adjacent_rate_scale,46,24,24,FALSE,benchmark,biweight,-0.007277867381550303,-0.00994973745442399,benchmark_dominant_local_and_profile,1.954503112342419,1.8142065060874664,0.00439665;0.00429439;0.01500818;0;0;0.00157072;0.0002931;0.00226694;0.12972607;0.84244397,0.004396645397436469,0.004294386237194609,0.015008175265454143,1e-12,1e-12,0.0015707205811991824,2.9309700356770145e-4,0.002266939887454348,0.12972606884256274,0.8424439667831308,FALSE,0,0,NA,NA,NA,NA,benchmark_dominant_local,101,GA_REGIME_FIRST_20260525_190322
normal,REG02,normal | symmetric | light_tail | bimodal | bimodal_mixture | moderate | extreme_scale,normal | symmetric | light_tail | contaminated | bimodal | bimodal_mixture | moderate | extreme_scale | extreme_severity,shape=symmetric | tail=light_tail | contamination=contaminated | direction=bimodal | structure=bimodal_mixture | severity=extreme_severity | rates={0.05;0.1} | scales={30} | types={mixture_bimodal_far;mixture_bimodal_near},symmetric,light_tail,bimodal,bimodal_mixture,moderate,extreme_scale,extreme_scale,extreme_severity,evaluated,NA,24,4,20,2,TRUE,17,7,benchmark,benchmark,biweight,FALSE,1,current_specialist_finalist,FALSE,NA,FALSE,1,0.043176405814253714,0.01211775727577376,0.04362385864767059,0.011625618823784593,biweight,biweight,0.010257066827134375,-0.04233223705390881,TRUE,family_direction_structure_adjacent_rate_scale,60,24,24,FALSE,benchmark,biweight,-0.06394756402763804,-0.057027484668933405,benchmark_dominant_local_and_profile,1.350657265314364,1.24795103677675,0.0037235;0.00283947;0.00446893;0;0;0.00240962;0.0003035;0.00275192;0.13537803;0.84812504,0.003723499694466543,0.0028394740231009854,0.0044689260388205984,1e-12,1e-12,0.002409616770856297,3.0349829307921007e-4,0.0027519207714445425,0.13537802822195166,0.8481250361842803,FALSE,0,0,NA,NA,NA,NA,benchmark_dominant_local,101,GA_REGIME_FIRST_20260525_190322
normal,REG03,normal | symmetric | light_tail | symmetric | heavy_tailed_t | high | mid_high_scale,normal | symmetric | light_tail | contaminated | symmetric | heavy_tailed_t | high | moderate_scale | high_severity,shape=symmetric | tail=light_tail | contamination=contaminated | direction=symmetric | structure=heavy_tailed_t | severity=high_severity | rates={0.2} | scales={9;20} | types={symmetric_t},symmetric,light_tail,symmetric,heavy_tailed_t,high,moderate_scale,mid_high_scale,high_severity,evaluated,NA,12,12,0,0,FALSE,9,3,benchmark,benchmark,biweight,FALSE,1,current_specialist_finalist,FALSE,NA,FALSE,1,0.07813150111523912,0.019144657356580684,0.07965337479302415,0.018452794681643132,biweight,biweight,0.01910620462372682,-0.037493652687108914,TRUE,family_direction_structure_adjacent_rate_scale,33,24,12,FALSE,benchmark,biweight,-0.09894449835669493,-0.06445421986520605,benchmark_dominant_local_and_profile,0.8186708156895935,0.7887975232172786,0.00321885;0.00481274;0.00466313;0;0;0.00192417;0.00029892;0.00223162;0.13671198;0.84613859,0.0032188520298006345,0.004812737223633803,0.004663127658885111,1e-12,1e-12,0.0019241725734757754,2.989203901529366e-4,0.002231620650595593,0.1367119804299905,0.8461385890414657,FALSE,0,0,NA,NA,NA,NA,benchmark_dominant_local,101,GA_REGIME_FIRST_20260525_190322
lognormal,REG01,lognormal | right_skewed | heavy_right_tail | upper_tail | tail_outlier | moderate | extreme_scale,lognormal | right_skewed | heavy_right_tail | contaminated | upper_tail | tail_outlier | moderate | extreme_scale | extreme_severity,shape=right_skewed | tail=heavy_right_tail | contamination=contaminated | direction=upper_tail | structure=tail_outlier | severity=extreme_severity | rates={0.1} | scales={30} | types={upper_tail},right_skewed,heavy_right_tail,upper_tail,tail_outlier,moderate,extreme_scale,extreme_scale,extreme_severity,evaluated,NA,24,2,22,2,TRUE,17,7,ga_composite,ga_composite,robust,TRUE,3,current_specialist_finalist,FALSE,NA,FALSE,0,0.11940562354642134,0.06441555115110698,0.11940562354642134,0.06441555115110698,huber,huber,0.0931818781452094,0.06842583147552923,TRUE,family_direction_adjacent_rate_scale,60,24,24,FALSE,benchmark,huber,-0.11017222110316856,-0.11956909577076377,regime_specific_profile_no_free_lunch,1.745481090829083,2.1139736871998833,0.11631295;0.1777391;0.0233594;0.00473253;0.247302;0.00277364;0.00109957;0.01604817;0.11753255;0.29310007,0.11631295487903373,0.1777391030435918,0.023359404104656957,0.004732526637384852,0.24730200109068418,0.0027736371176096592,0.001099573616029026,0.01604817009772131,0.11753255461174485,0.29310007480154365,TRUE,3,0,-0.43947305281667837,-0.5637839533243183,source_regime_specific_cross_family_no_free_lunch,weibull;invgauss;exgaussian,ga_wins_local_only_no_free_lunch,101,GA_REGIME_FIRST_20260525_190322
lognormal,REG02,lognormal | right_skewed | heavy_right_tail | bimodal | bimodal_mixture | extreme | extreme_scale,lognormal | right_skewed | heavy_right_tail | contaminated | bimodal | bimodal_mixture | extreme | extreme_scale | extreme_severity,shape=right_skewed | tail=heavy_right_tail | contamination=contaminated | direction=bimodal | structure=bimodal_mixture | severity=extreme_severity | rates={0.3} | scales={30} | types={mixture_bimodal_near},right_skewed,heavy_right_tail,bimodal,bimodal_mixture,extreme,extreme_scale,extreme_scale,extreme_severity,evaluated,NA,18,2,16,2,TRUE,13,5,benchmark,benchmark,huber,FALSE,1,current_specialist_finalist,FALSE,NA,FALSE,1,0.2538938867962419,0.14651011483386192,0.3131236782099365,0.10664362231808538,huber,mean,0.18915781697541978,-0.3738291296641549,TRUE,family_direction_structure_adjacent_rate_scale,24,24,18,FALSE,benchmark,mean,-0.773139056005297,-2.733726504436173,benchmark_dominant_local_and_profile,1.251264112118189,1.4735733529938848,0.02996489;0.03807231;0.05699642;0.00705004;0.45127196;0.00254697;0.00364703;0.20675557;0.18914512;0.01454969,0.02996489362636276,0.038072308722476966,0.05699642160506783,0.007050040250969366,0.45127196217111565,0.002546967974122076,0.0036470286485625588,0.2067555729358113,0.1891451152884539,0.014549688777057599,FALSE,0,0,NA,NA,NA,NA,benchmark_dominant_local,101,GA_REGIME_FIRST_20260525_190322
lognormal,REG03,lognormal | right_skewed | heavy_right_tail | upper_tail | tail_outlier | extreme | low_scale,lognormal | right_skewed | heavy_right_tail | contaminated | upper_tail | tail_outlier | extreme | low_scale | extreme_severity,shape=right_skewed | tail=heavy_right_tail | contamination=contaminated | direction=upper_tail | structure=tail_outlier | severity=extreme_severity | rates={0.3} | scales={1.5;3} | types={upper_tail},right_skewed,heavy_right_tail,upper_tail,tail_outlier,extreme,low_scale,low_scale,extreme_severity,evaluated,NA,18,2,16,2,TRUE,13,5,ga_composite,ga_composite,robust,TRUE,3,current_specialist_finalist,FALSE,NA,FALSE,0,0.0768109876287945,0.03289245293682777,0.0768109876287945,0.03289245293682777,trimmed20,huber,0.17877441524077972,0.2321228871615846,TRUE,family_direction_adjacent_rate_scale,30,24,18,FALSE,benchmark,median,-0.6266536509115302,-0.526835144593252,regime_specific_profile_no_free_lunch,2.8691551460279845,3.486925475777515,0.14456807;0.29777379;0.04220581;0.00508995;0.02135669;0.00351171;0.00120228;0.06295799;0.0805145;0.34081921,0.1445680718553267,0.29777379049119956,0.042205808468288045,0.0050899510904930025,0.021356690321634578,0.003511713446529957,0.0012022770740337792,0.06295799144773626,0.0805144980946488,0.3408192077101093,TRUE,3,2,0.17822842435882533,0.31964780953959987,interfamily_profile_generalization_bonus;source_regime_specific_cross_family_no_free_lunch,weibull;invgauss;exgaussian,ga_wins_local_only_no_free_lunch,101,GA_REGIME_FIRST_20260525_190322
weibull,REG01,weibull | right_skewed_flexible_shape | flexible_tail | upper_tail | clustered | moderate | extreme_scale,weibull | right_skewed_flexible_shape | flexible_tail | contaminated | upper_tail | clustered | moderate | extreme_scale | extreme_severity,shape=right_skewed_flexible_shape | tail=flexible_tail | contamination=contaminated | direction=upper_tail | structure=clustered | severity=extreme_severity | rates={0.05;0.1} | scales={30} | types={clustered_upper},right_skewed_flexible_shape,flexible_tail,upper_tail,clustered,moderate,extreme_scale,extreme_scale,extreme_severity,evaluated,NA,24,2,22,3,TRUE,17,7,ga_composite,ga_composite,robust,TRUE,6,protected_previous_stage_elite,TRUE,previous_stage_elite,TRUE,1,0.11664223549744354,0.053123412309083184,0.11664223549744354,0.053123412309083184,huber,huber,0.08305619456795184,0.3103691423010681,TRUE,family_direction_adjacent_rate_scale,60,24,24,FALSE,benchmark,huber,-0.5022072805163154,0.19013591948160077,regime_specific_profile_no_free_lunch,2.2123047877818633,1.7943119404681231,0.3108805;0.4448962;0.04142225;0.01544314;0.0210935;0.01635386;0.00509254;0.02667906;0.04686945;0.07126949,0.3108804995604482,0.4448962020781118,0.04142224947282688,0.015443136306780705,0.021093500318722612,0.016353862678578322,0.0050925420013002735,0.026679062466962614,0.04686945406166954,0.071269491054599,TRUE,3,2,0.03384252935781767,0.22405180850344025,interfamily_profile_generalization_bonus;source_regime_specific_cross_family_no_free_lunch,lognormal;invgauss;exgaussian,ga_wins_local_only_no_free_lunch,101,GA_REGIME_FIRST_20260525_190322
weibull,REG02,weibull | right_skewed_flexible_shape | flexible_tail | point_mass | point_mass | moderate | extreme_scale,weibull | right_skewed_flexible_shape | flexible_tail | contaminated | point_mass | point_mass | moderate | extreme_scale | extreme_severity,shape=right_skewed_flexible_shape | tail=flexible_tail | contamination=contaminated | direction=point_mass | structure=point_mass | severity=extreme_severity | rates={0.05;0.1} | scales={30} | types={point_mass},right_skewed_flexible_shape,flexible_tail,point_mass,point_mass,moderate,extreme_scale,extreme_scale,extreme_severity,evaluated,NA,24,2,22,2,TRUE,17,7,benchmark,benchmark,huber,FALSE,5,current_specialist_finalist,FALSE,NA,FALSE,0,0.15175199552677557,0.0929012827899161,0.13755023248278717,0.08531808479041171,huber,huber,-0.10324783017478609,-0.08888148413134252,TRUE,family_adjacent_rate_scale,312,32,24,FALSE,benchmark,huber,-0.2748603996129714,-0.14467630765013473,benchmark_dominant_local_and_profile,2.2712980375517717,2.492109828448785,0.14168339;0.17885467;0.04904883;0.01120344;0.06286122;0.01458841;0.00237451;0.0673791;0.35362283;0.1183836,0.14168338826883597,0.1788546714844736,0.049048832172838036,0.011203436781074843,0.0628612233618816,0.014588409478061662,0.0023745088558308316,0.06737909922794333,0.3536228347809253,0.11838359558813484,FALSE,0,0,NA,NA,NA,NA,benchmark_dominant_local,101,GA_REGIME_FIRST_20260525_190322
weibull,REG03,weibull | right_skewed_flexible_shape | flexible_tail | upper_tail | clustered | moderate | mid_high_scale,weibull | right_skewed_flexible_shape | flexible_tail | contaminated | upper_tail | clustered | moderate | moderate_scale | moderate_severity,shape=right_skewed_flexible_shape | tail=flexible_tail | contamination=contaminated | direction=upper_tail | structure=clustered | severity=moderate_severity | rates={0.05;0.1} | scales={4.5;6;9;12;15;20} | types={clustered_upper},right_skewed_flexible_shape,flexible_tail,upper_tail,clustered,moderate,moderate_scale,mid_high_scale,moderate_severity,evaluated,NA,12,12,0,0,FALSE,9,3,ga_composite,ga_composite,robust,TRUE,4,current_specialist_finalist,FALSE,NA,FALSE,0,0.0630236896997149,0.021681537788179675,0.0630236896997149,0.021681537788179675,huber,huber,0.5533917732531882,0.7521812914416383,TRUE,family_direction_structure_adjacent_rate_scale,42,24,12,FALSE,benchmark,huber,-0.7273486342608476,-0.3917010417176521,regime_specific_profile_no_free_lunch,3.9713486635175155,6.187220501831242,0.52031011;0.22393152;0.02223105;0.0053733;0.06657573;0.01201056;0.00183961;0.01629539;0.06882118;0.06261154,0.5203101132827311,0.22393152125275353,0.02223104863546025,0.005373298516111081,0.06657573440151389,0.012010562768049477,0.0018396133194680834,0.01629539060109755,0.06882117883590763,0.06261153838690732,TRUE,3,1,0.16756725935168018,0.3459628903610644,source_regime_specific_cross_family_no_free_lunch;interfamily_profile_generalization_bonus,lognormal;invgauss;exgaussian,ga_wins_local_only_no_free_lunch,101,GA_REGIME_FIRST_20260525_190322
invgauss,REG01,invgauss | right_skewed_duration | heavy_right_tail | point_mass | point_mass | low | extreme_scale,invgauss | right_skewed_duration | heavy_right_tail | contaminated | point_mass | point_mass | low | extreme_scale | extreme_severity,shape=right_skewed_duration | tail=heavy_right_tail | contamination=contaminated | direction=point_mass | structure=point_mass | severity=extreme_severity | rates={0.02} | scales={30} | types={point_mass},right_skewed_duration,heavy_right_tail,point_mass,point_mass,low,extreme_scale,extreme_scale,extreme_severity,evaluated,NA,16,2,14,2,TRUE,12,4,ga_composite,ga_composite,robust,TRUE,1,current_specialist_finalist,FALSE,NA,FALSE,1,0.0767629871080259,0.035646081293070064,0.0767629871080259,0.035646081293070064,huber,huber,0.3858234338949553,0.5877813069279954,TRUE,family_adjacent_rate_scale,264,27,16,FALSE,benchmark,mean,-1.132001209340431,-1.8796765876062071,regime_specific_profile_no_free_lunch,1.7986623959557535,2.594179640233523,0.46017205;0.17433043;0.06728728;0.02191924;0.06133843;0.0466541;0.00572181;0.0378133;0.06417593;0.06058742,0.46017204889325874,0.17433043459419026,0.06728728403828556,0.021919235722117115,0.06133843004369838,0.0466541042930768,0.005721810334265822,0.03781330073205078,0.06417593079015309,0.06058742055890349,TRUE,3,1,0.26670465274087524,0.5865760478160489,source_regime_specific_cross_family_no_free_lunch;interfamily_profile_generalization_bonus,lognormal;weibull;exgaussian,ga_wins_local_only_no_free_lunch,101,GA_REGIME_FIRST_20260525_190322
invgauss,REG02,invgauss | right_skewed_duration | heavy_right_tail | upper_tail | tail_outlier | moderate | mid_high_scale,invgauss | right_skewed_duration | heavy_right_tail | contaminated | upper_tail | tail_outlier | moderate | moderate_scale | moderate_severity,shape=right_skewed_duration | tail=heavy_right_tail | contamination=contaminated | direction=upper_tail | structure=tail_outlier | severity=moderate_severity | rates={0.05;0.1} | scales={4.5;6;9;12;15;20} | types={upper_tail},right_skewed_duration,heavy_right_tail,upper_tail,tail_outlier,moderate,moderate_scale,mid_high_scale,moderate_severity,evaluated,NA,12,12,0,0,FALSE,9,3,ga_composite,ga_composite,robust,TRUE,5,current_specialist_finalist,FALSE,NA,FALSE,0,0.03958585942532434,0.015288027933788225,0.03958585942532434,0.015288027933788225,huber,mean,0.6624751412683798,0.8002192377031202,TRUE,family_direction_structure_adjacent_rate_scale,42,24,12,TRUE,ga_composite,robust,0.2906843303628632,0.3441678358503982,profile_matched_generalization_bonus,2.0577088986593877,2.6927822440058655,0.51962763;0.19038828;0.05537155;0.0155778;0.04852476;0.03552253;0.00615588;0.0230744;0.06363104;0.04212613,0.519627630561884,0.19038827620256427,0.05537154779772771,0.015577798549204188,0.04852476288138251,0.03552253106275654,0.006155877349222809,0.023074404506232462,0.06363103958054536,0.04212613150848015,TRUE,3,0,-0.3092794847594305,0.3254788153053196,source_regime_specific_cross_family_no_free_lunch,lognormal;weibull;exgaussian,ga_wins_local_and_profile,101,GA_REGIME_FIRST_20260525_190322
invgauss,REG03,invgauss | right_skewed_duration | heavy_right_tail | upper_tail | clustered | low | extreme_scale,invgauss | right_skewed_duration | heavy_right_tail | contaminated | upper_tail | clustered | low | extreme_scale | extreme_severity,shape=right_skewed_duration | tail=heavy_right_tail | contamination=contaminated | direction=upper_tail | structure=clustered | severity=extreme_severity | rates={0.02} | scales={30} | types={clustered_upper},right_skewed_duration,heavy_right_tail,upper_tail,clustered,low,extreme_scale,extreme_scale,extreme_severity,evaluated,NA,16,2,14,2,TRUE,12,4,ga_composite,ga_composite,robust,TRUE,5,current_specialist_finalist,FALSE,NA,FALSE,1,0.0457470242644233,0.019268420032840954,0.0457470242644233,0.019268420032840954,huber,huber,0.5831826300354002,0.7453721379073787,TRUE,family_direction_adjacent_rate_scale,40,24,16,TRUE,ga_composite,robust,0.26763282835961955,0.19208939146810053,profile_matched_generalization_bonus,1.7079259813024725,2.2514729713372916,0.48167913;0.18070101;0.06918785;0.01979684;0.05026955;0.04205037;0.00620598;0.03471269;0.07735813;0.03803845,0.48167913320925815,0.18070100929349714,0.06918784617468898,0.019796837463844287,0.0502695531774139,0.042050371958600584,0.006205977060396834,0.0347126895010108,0.07735813326866917,0.03803844889262019,TRUE,3,2,0.18943093355183413,0.5993373062877491,interfamily_profile_generalization_bonus;source_regime_specific_cross_family_no_free_lunch,lognormal;weibull;exgaussian,ga_wins_local_profile_and_cross_family,101,GA_REGIME_FIRST_20260525_190322
exgaussian,REG01,exgaussian | gaussian_core_right_skewed_tail | exponential_right_tail | bimodal | bimodal_mixture | high | mid_high_scale,exgaussian | gaussian_core_right_skewed_tail | exponential_right_tail | contaminated | bimodal | bimodal_mixture | high | moderate_scale | high_severity,shape=gaussian_core_right_skewed_tail | tail=exponential_right_tail | contamination=contaminated | direction=bimodal | structure=bimodal_mixture | severity=high_severity | rates={0.15;0.2} | scales={4.5;6;9;12;15;20} | types={mixture_bimodal_far;mixture_bimodal_near},gaussian_core_right_skewed_tail,exponential_right_tail,bimodal,bimodal_mixture,high,moderate_scale,mid_high_scale,high_severity,evaluated,NA,24,24,0,0,FALSE,17,7,benchmark,benchmark,biweight,FALSE,2,current_specialist_finalist,FALSE,NA,FALSE,0,0.026621017991333127,0.007947795662137642,0.026060895657703916,0.0074410626830824535,biweight,biweight,-0.02149282745169731,-0.06809954445608506,TRUE,family_direction_structure_adjacent_rate_scale,66,24,24,FALSE,benchmark,biweight,-0.05774944370723533,-0.03857417746614817,benchmark_dominant_local_and_profile,1.2882761628518236,1.0098830921884787,0.01370576;0.11524411;0.0374895;0;0;0.00884868;0.00082448;0.06986567;0.04548239;0.70853939,0.013705760665221651,0.1152441142091503,0.0374895045974541,1e-12,1e-12,0.008848683919520343,8.244819359332824e-4,0.06986567189355321,0.0454823895830631,0.7085393931941041,FALSE,0,0,NA,NA,NA,NA,benchmark_dominant_local,101,GA_REGIME_FIRST_20260525_190322
exgaussian,REG02,exgaussian | gaussian_core_right_skewed_tail | exponential_right_tail | upper_tail | tail_outlier | low | mid_high_scale,exgaussian | gaussian_core_right_skewed_tail | exponential_right_tail | contaminated | upper_tail | tail_outlier | low | moderate_scale | moderate_severity,shape=gaussian_core_right_skewed_tail | tail=exponential_right_tail | contamination=contaminated | direction=upper_tail | structure=tail_outlier | severity=moderate_severity | rates={0.02} | scales={9;20} | types={upper_tail},gaussian_core_right_skewed_tail,exponential_right_tail,upper_tail,tail_outlier,low,moderate_scale,mid_high_scale,moderate_severity,evaluated,NA,12,12,0,0,FALSE,9,3,benchmark,benchmark,trimean,FALSE,6,protected_previous_stage_elite,TRUE,previous_stage_elite,TRUE,1,0.011226645225785483,0.0027025466429537667,0.01117832316380738,0.0026810027516544596,trimean,biweight,-0.004322836374084719,-0.0080357587391421,TRUE,family_direction_structure_adjacent_rate_scale,24,24,12,FALSE,benchmark,biweight,-0.18845078993720643,-0.3236372259369057,benchmark_dominant_local_and_profile,2.2641723694143083,3.383243306836252,0.01320925;0.10115732;0.0342275;0;0;0.00755017;0.00072764;0.06579247;0.04627403;0.73106161,0.013209248843209974,0.10115732195683029,0.03422750361483928,1e-12,1e-12,0.007550169651802065,7.276445977591084e-4,0.06579247081529119,0.04627403097414193,0.7310616095441262,FALSE,0,0,NA,NA,NA,NA,benchmark_dominant_local,101,GA_REGIME_FIRST_20260525_190322
exgaussian,REG03,exgaussian | gaussian_core_right_skewed_tail | exponential_right_tail | symmetric | clustered | extreme | mid_high_scale,exgaussian | gaussian_core_right_skewed_tail | exponential_right_tail | contaminated | symmetric | clustered | extreme | moderate_scale | extreme_severity,shape=gaussian_core_right_skewed_tail | tail=exponential_right_tail | contamination=contaminated | direction=symmetric | structure=clustered | severity=extreme_severity | rates={0.3} | scales={4.5;6;9;20} | types={clustered_symmetric},gaussian_core_right_skewed_tail,exponential_right_tail,symmetric,clustered,extreme,moderate_scale,mid_high_scale,extreme_severity,evaluated,NA,24,6,18,3,TRUE,17,7,benchmark,benchmark,biweight,FALSE,5,current_specialist_finalist,FALSE,NA,FALSE,1,0.023147114875079252,0.006553146258847986,0.021424901063577487,0.005423280363546915,biweight,biweight,-0.08038374629179314,-0.20833625026786992,TRUE,family_direction_adjacent_rate_scale,30,24,24,FALSE,benchmark,biweight,-0.14706506080509635,-0.10512735235102753,benchmark_dominant_local_and_profile,1.218979836792919,0.9962809175362365,0.01138707;0.07924876;0.0659245;0;0;0.00668095;0.00029793;0.14166618;0.28119384;0.41360078,0.01138706543232123,0.07924875848367434,0.06592449664679133,1e-12,1e-12,0.006680950592374257,2.979271513790072e-4,0.14166618443998563,0.28119383611707227,0.4136007811344019,FALSE,0,0,NA,NA,NA,NA,benchmark_dominant_local,101,GA_REGIME_FIRST_20260525_190322
exwald,REG01,exwald | first_passage_right_skewed | heavy_first_passage_tail | bimodal | bimodal_mixture | extreme | extreme_scale,exwald | first_passage_right_skewed | heavy_first_passage_tail | contaminated | bimodal | bimodal_mixture | extreme | extreme_scale | extreme_severity,shape=first_passage_right_skewed | tail=heavy_first_passage_tail | contamination=contaminated | direction=bimodal | structure=bimodal_mixture | severity=extreme_severity | rates={0.3} | scales={30} | types={mixture_bimodal_far;mixture_bimodal_near},first_passage_right_skewed,heavy_first_passage_tail,bimodal,bimodal_mixture,extreme,extreme_scale,extreme_scale,extreme_severity,evaluated,NA,18,2,16,2,TRUE,13,5,ga_composite,ga_composite,robust,TRUE,3,current_specialist_finalist,FALSE,NA,FALSE,0,0.29413376907222016,0.11883468515475466,0.29413376907222016,0.11883468515475466,geometric,geometric,0.2197039347158539,0.24995260059281585,TRUE,family_direction_structure_adjacent_rate_scale,24,24,18,FALSE,benchmark,huber,-0.5358786892566986,-1.794703807632545,regime_specific_profile_no_free_lunch,2.446690525015674,4.179893491035159,0.03231681;0.03067748;0.12147522;0.00691363;0.53341327;0.00806024;0.00535266;0.01724438;0.07229663;0.17224969,0.03231680599037053,0.030677481841023677,0.12147521729865944,0.0069136264528269304,0.5334132700653783,0.00806023948208352,0.0053526600659054915,0.017244380604297282,0.07229662648276139,0.17224969171669346,TRUE,3,0,-0.07079443851733777,-1.1470987797027608,source_regime_specific_cross_family_no_free_lunch,lognormal;weibull;invgauss,ga_wins_local_only_no_free_lunch,101,GA_REGIME_FIRST_20260525_190322
exwald,REG02,exwald | first_passage_right_skewed | heavy_first_passage_tail | upper_tail | tail_outlier | high | extreme_scale,exwald | first_passage_right_skewed | heavy_first_passage_tail | contaminated | upper_tail | tail_outlier | high | extreme_scale | extreme_severity,shape=first_passage_right_skewed | tail=heavy_first_passage_tail | contamination=contaminated | direction=upper_tail | structure=tail_outlier | severity=extreme_severity | rates={0.15;0.2} | scales={30} | types={upper_tail},first_passage_right_skewed,heavy_first_passage_tail,upper_tail,tail_outlier,high,extreme_scale,extreme_scale,extreme_severity,evaluated,NA,24,2,22,3,TRUE,17,7,ga_composite,ga_composite,robust,TRUE,1,current_specialist_finalist,FALSE,NA,FALSE,0,0.3807789252613001,0.20091420270545357,0.3807789252613001,0.20091420270545357,huber,huber,0.08933197991465534,0.06200839060561483,TRUE,family_direction_adjacent_rate_scale,46,24,24,FALSE,benchmark,biweight,-0.13781078915613795,-0.2445218952315459,regime_specific_profile_no_free_lunch,1.8912700501956592,2.0189034929160252,0.05675196;0.14814918;0.0086965;0.00436748;0.00809381;0.00225489;0.00056901;0.00419814;0.09468152;0.67223751,0.05675196376506366,0.14814917725826338,0.008696504562785118,0.0043674834839690395,0.008093811855377164,0.002254886205571171,5.690097754125236e-4,0.004198135701239172,0.09468152009556666,0.6722375072967521,TRUE,3,1,0.10377147005003363,0.18456371326878018,interfamily_profile_generalization_bonus;source_regime_specific_cross_family_no_free_lunch,lognormal;weibull;invgauss,ga_wins_local_only_no_free_lunch,101,GA_REGIME_FIRST_20260525_190322
exwald,REG03,exwald | first_passage_right_skewed | heavy_first_passage_tail | symmetric | heavy_tailed_t | extreme | extreme_scale,exwald | first_passage_right_skewed | heavy_first_passage_tail | contaminated | symmetric | heavy_tailed_t | extreme | extreme_scale | extreme_severity,shape=first_passage_right_skewed | tail=heavy_first_passage_tail | contamination=contaminated | direction=symmetric | structure=heavy_tailed_t | severity=extreme_severity | rates={0.3} | scales={30} | types={symmetric_t},first_passage_right_skewed,heavy_first_passage_tail,symmetric,heavy_tailed_t,extreme,extreme_scale,extreme_scale,extreme_severity,evaluated,NA,15,1,14,2,TRUE,11,4,benchmark,benchmark,huber,FALSE,2,current_specialist_finalist,FALSE,NA,FALSE,1,0.6826341360094621,0.3511034671819926,0.63247928912975,0.3117121988910376,huber,huber,-0.07929879719641497,-0.1263706342933287,TRUE,family_direction_adjacent_rate_scale,27,24,15,FALSE,benchmark,huber,-0.05252348803725222,-0.10841725202910593,benchmark_dominant_local_and_profile,0.9171892430098707,0.9402087309045443,0.00891123;0.01963095;0.00241998;0.00154694;0.02531656;0.00081641;0.00013798;0.00500464;0.81341636;0.12279894,0.008911233159886104,0.01963095231034847,0.0024199812778977056,0.001546941228835012,0.025316557937311673,8.164138598774734e-4,1.379839074115341e-4,0.00500464214266034,0.8134163568229322,0.12279893735283952,FALSE,0,0,NA,NA,NA,NA,benchmark_dominant_local,101,GA_REGIME_FIRST_20260525_190322
normal,REG01,normal | symmetric | light_tail | symmetric | clustered | high | mid_high_scale,normal | symmetric | light_tail | contaminated | symmetric | clustered | high | moderate_scale | high_severity,shape=symmetric | tail=light_tail | contamination=contaminated | direction=symmetric | structure=clustered | severity=high_severity | rates={0.15;0.2} | scales={4.5;6;9;12;15;20} | types={clustered_symmetric},symmetric,light_tail,symmetric,clustered,high,moderate_scale,mid_high_scale,high_severity,evaluated,NA,12,12,0,0,FALSE,9,3,benchmark,benchmark,biweight,FALSE,1,current_specialist_finalist,FALSE,NA,FALSE,0,0.06453843874478836,0.01639046783768591,0.0650954257735095,0.016136460008873026,biweight,biweight,0.00855646955364495,-0.01574123622265787,TRUE,family_direction_structure_adjacent_rate_scale,33,24,12,FALSE,benchmark,biweight,-0.05097326052835342,-0.04733266055086776,benchmark_dominant_local_and_profile,1.05485855504633,0.9242651098912216,0.00493342;0.00623222;0.06144068;0;0;0.00068429;0.00010223;0.02122556;0.05425426;0.85112734,0.0049334211876367485,0.006232220000580931,0.061440675551091964,1e-12,1e-12,6.842942169431159e-4,1.0223240727435204e-4,0.02122555855147661,0.054254260882705393,0.851127337200291,FALSE,0,0,NA,NA,NA,NA,benchmark_dominant_local,202,GA_REGIME_FIRST_20260526_164654
normal,REG02,normal | symmetric | light_tail | bimodal | bimodal_mixture | high | extreme_scale,normal | symmetric | light_tail | contaminated | bimodal | bimodal_mixture | high | extreme_scale | extreme_severity,shape=symmetric | tail=light_tail | contamination=contaminated | direction=bimodal | structure=bimodal_mixture | severity=extreme_severity | rates={0.15;0.2} | scales={30} | types={mixture_bimodal_far;mixture_bimodal_near},symmetric,light_tail,bimodal,bimodal_mixture,high,extreme_scale,extreme_scale,extreme_severity,evaluated,NA,24,4,20,3,TRUE,17,7,benchmark,benchmark,biweight,FALSE,1,current_specialist_finalist,FALSE,NA,FALSE,0,0.08233049932430377,0.020501358739666527,0.08221188321689002,0.020167246234643783,biweight,biweight,-0.0014428097590146749,-0.016567086111748355,TRUE,family_direction_structure_adjacent_rate_scale,46,24,24,FALSE,benchmark,biweight,-0.06807310497859184,-0.04585928510158532,benchmark_dominant_local_and_profile,0.7109072393421111,0.6215559714546138,0.00488004;0.00923338;0.07370511;0;0;0.00084526;0.000204;0.02240066;0.0398251;0.84890646,0.004880037888422529,0.009233379817181406,0.07370510726827972,1e-12,1e-12,8.452617806761101e-4,2.0399690217039128e-4,0.022400655741951575,0.039825099868398196,0.8489064607309201,FALSE,0,0,NA,NA,NA,NA,benchmark_dominant_local,202,GA_REGIME_FIRST_20260526_164654
normal,REG03,normal | symmetric | light_tail | upper_tail | tail_outlier | low | low_scale,normal | symmetric | light_tail | contaminated | upper_tail | tail_outlier | low | low_scale | low_severity,shape=symmetric | tail=light_tail | contamination=contaminated | direction=upper_tail | structure=tail_outlier | severity=low_severity | rates={0.02} | scales={3} | types={upper_tail},symmetric,light_tail,upper_tail,tail_outlier,low,low_scale,low_scale,low_severity,evaluated,NA,20,4,16,2,TRUE,14,6,benchmark,benchmark,huber,FALSE,6,protected_previous_stage_elite,TRUE,previous_stage_elite,TRUE,1,0.0825704691488387,0.030919882011755617,0.08023543709513327,0.03010320479826696,huber,biweight,-0.029102253794763215,-0.027129244840686944,TRUE,family_direction_adjacent_rate_scale,44,24,20,FALSE,benchmark,biweight,-0.10993872398621214,-0.1390241429613692,benchmark_dominant_local_and_profile,1.4847743567734402,1.3949407683763324,0.00489718;0.00619391;0.06146835;0;0;0.00063974;8.851e-05;0.02109115;0.0542444;0.85137676,0.004897178619239864,0.006193907392657258,0.061468345521129,1e-12,1e-12,6.397436094167023e-4,8.851233581450585e-5,0.021091147850582435,0.054244402971598535,0.8513767616975617,FALSE,0,0,NA,NA,NA,NA,benchmark_dominant_local,202,GA_REGIME_FIRST_20260526_164654
lognormal,REG01,lognormal | right_skewed | heavy_right_tail | point_mass | point_mass | moderate | extreme_scale,lognormal | right_skewed | heavy_right_tail | contaminated | point_mass | point_mass | moderate | extreme_scale | extreme_severity,shape=right_skewed | tail=heavy_right_tail | contamination=contaminated | direction=point_mass | structure=point_mass | severity=extreme_severity | rates={0.05} | scales={30} | types={point_mass},right_skewed,heavy_right_tail,point_mass,point_mass,moderate,extreme_scale,extreme_scale,extreme_severity,evaluated,NA,24,2,22,3,TRUE,17,7,ga_composite,ga_composite,robust,TRUE,1,current_specialist_finalist,FALSE,NA,FALSE,0,0.1405523647504901,0.08047088729081635,0.1405523647504901,0.08047088729081635,huber,huber,0.022960875954779015,0.025726565161470993,TRUE,family_adjacent_rate_scale,312,32,24,FALSE,benchmark,huber,-0.16729175049085165,-0.15922602572849873,regime_specific_profile_no_free_lunch,2.6255511331641355,3.1325426090201685,0.17117643;0.06794605;0.08119185;0.00780225;0.17771856;0.02246169;0.00137971;0.05527502;0.1820939;0.23295455,0.17117642674773656,0.06794604593322393,0.08119184534746952,0.00780224782039286,0.17771856456319088,0.022461691879420143,0.0013797074820691016,0.05527501835506499,0.18209390039050036,0.23295455148093172,TRUE,3,2,0.1594294504972817,0.13000782641704908,interfamily_profile_generalization_bonus;source_regime_specific_cross_family_no_free_lunch,weibull;invgauss;exgaussian,ga_wins_local_only_no_free_lunch,202,GA_REGIME_FIRST_20260526_164654
lognormal,REG02,lognormal | right_skewed | heavy_right_tail | point_mass | point_mass | low | extreme_scale,lognormal | right_skewed | heavy_right_tail | contaminated | point_mass | point_mass | low | extreme_scale | extreme_severity,shape=right_skewed | tail=heavy_right_tail | contamination=contaminated | direction=point_mass | structure=point_mass | severity=extreme_severity | rates={0.01;0.02} | scales={30} | types={point_mass},right_skewed,heavy_right_tail,point_mass,point_mass,low,extreme_scale,extreme_scale,extreme_severity,evaluated,NA,16,2,14,2,TRUE,12,4,ga_composite,ga_composite,robust,TRUE,3,current_specialist_finalist,FALSE,NA,FALSE,1,0.1576724130545628,0.08478894615862266,0.1576724130545628,0.08478894615862266,huber,huber,0.0548220604988761,0.19695501037523178,TRUE,family_adjacent_rate_scale,264,27,16,FALSE,benchmark,mean,-1.4138788419603652,-3.734046194893395,regime_specific_profile_no_free_lunch,2.3338238395188022,2.231985935941119,0.26883988;0.04329274;0.06877385;0.01059127;0.22844086;0.02042269;0.00448277;0.14908109;0.09273296;0.11334188,0.2688398834604422,0.04329274190316336,0.06877384956122085,0.010591273630923846,0.22844086108771167,0.020422686217489282,0.004482771001036491,0.14908109057779495,0.09273295831940322,0.11334188424081414,TRUE,3,0,-0.10260145535259091,0.22840276000792203,source_regime_specific_cross_family_no_free_lunch,weibull;invgauss;exgaussian,ga_wins_local_only_no_free_lunch,202,GA_REGIME_FIRST_20260526_164654
lognormal,REG03,lognormal | right_skewed | heavy_right_tail | upper_tail | tail_outlier | extreme | low_scale,lognormal | right_skewed | heavy_right_tail | contaminated | upper_tail | tail_outlier | extreme | low_scale | extreme_severity,shape=right_skewed | tail=heavy_right_tail | contamination=contaminated | direction=upper_tail | structure=tail_outlier | severity=extreme_severity | rates={0.3} | scales={1.5;3} | types={upper_tail},right_skewed,heavy_right_tail,upper_tail,tail_outlier,extreme,low_scale,low_scale,extreme_severity,evaluated,NA,18,2,16,2,TRUE,13,5,benchmark,benchmark,huber,FALSE,1,current_specialist_finalist,FALSE,NA,FALSE,0,0.11960214341755922,0.0663349956309747,0.10136332637171921,0.05851101185474066,huber,huber,-0.17993506821959201,-0.13371814173243365,TRUE,family_direction_adjacent_rate_scale,30,24,18,FALSE,benchmark,median,-1.498711477368011,-1.549738332519515,benchmark_dominant_local_and_profile,2.41118365209554,2.6574229807857144,0.17117643;0.06794605;0.08119185;0.00780225;0.17771856;0.02246169;0.00137971;0.05527502;0.1820939;0.23295455,0.17117642674773656,0.06794604593322393,0.08119184534746952,0.00780224782039286,0.17771856456319088,0.022461691879420143,0.0013797074820691016,0.05527501835506499,0.18209390039050036,0.23295455148093172,FALSE,0,0,NA,NA,NA,NA,benchmark_dominant_local,202,GA_REGIME_FIRST_20260526_164654
weibull,REG01,weibull | right_skewed_flexible_shape | flexible_tail | upper_tail | clustered | moderate | extreme_scale,weibull | right_skewed_flexible_shape | flexible_tail | contaminated | upper_tail | clustered | moderate | extreme_scale | extreme_severity,shape=right_skewed_flexible_shape | tail=flexible_tail | contamination=contaminated | direction=upper_tail | structure=clustered | severity=extreme_severity | rates={0.05;0.1} | scales={30} | types={clustered_upper},right_skewed_flexible_shape,flexible_tail,upper_tail,clustered,moderate,extreme_scale,extreme_scale,extreme_severity,evaluated,NA,24,2,22,2,TRUE,17,7,ga_composite,ga_composite,robust,TRUE,1,current_specialist_finalist,FALSE,NA,FALSE,0,0.13226256133945752,0.07273683501680234,0.13226256133945752,0.07273683501680234,huber,mean,0.12366664442814955,0.27762097861519763,TRUE,family_direction_adjacent_rate_scale,60,24,24,TRUE,ga_composite,robust,0.006367157568775675,0.3028435503106838,profile_matched_generalization_bonus,1.3217256311585304,1.214425340516294,0.28051472;0.07177094;0.16058132;0.00902259;0.02515173;0.01296648;0.00256784;0.03422842;0.18658695;0.21660902,0.2805147150414511,0.07177094124038715,0.16058132262742192,0.009022589650455909,0.025151730551881076,0.012966482589288775,0.0025678379741809,0.03422841616783235,0.186586947722223,0.21660901643487787,TRUE,3,1,0.1311424992106467,0.1962755300309502,source_regime_specific_cross_family_no_free_lunch;interfamily_profile_generalization_bonus,lognormal;invgauss;exgaussian,ga_wins_local_profile_and_cross_family,202,GA_REGIME_FIRST_20260526_164654
weibull,REG02,weibull | right_skewed_flexible_shape | flexible_tail | upper_tail | tail_outlier | moderate | extreme_scale,weibull | right_skewed_flexible_shape | flexible_tail | contaminated | upper_tail | tail_outlier | moderate | extreme_scale | extreme_severity,shape=right_skewed_flexible_shape | tail=flexible_tail | contamination=contaminated | direction=upper_tail | structure=tail_outlier | severity=extreme_severity | rates={0.05;0.1} | scales={30} | types={upper_tail},right_skewed_flexible_shape,flexible_tail,upper_tail,tail_outlier,moderate,extreme_scale,extreme_scale,extreme_severity,evaluated,NA,24,2,22,2,TRUE,17,7,benchmark,benchmark,huber,FALSE,6,protected_previous_stage_elite,TRUE,previous_stage_elite,TRUE,1,0.1393574023577896,0.046485788944927865,0.11888001895108082,0.07631497352342527,huber,huber,-0.17225252474903271,0.3908693563124976,TRUE,family_direction_adjacent_rate_scale,60,24,24,FALSE,benchmark,huber,-0.16191557753601768,0.24955293136004905,benchmark_dominant_local_and_profile,1.3217660695676459,1.902386333149167,0.36691334;0.05076384;0.0828434;0.01309929;0.07528633;0.02154868;0.00527957;0.029148;0.09753982;0.25757772,0.36691333730730347,0.0507638418263595,0.08284339920040551,0.013099289856170926,0.07528633088567094,0.021548678699154198,0.005279572271274836,0.029148001868988208,0.09753982375223721,0.25757772433243525,FALSE,0,0,NA,NA,NA,NA,benchmark_dominant_local,202,GA_REGIME_FIRST_20260526_164654
weibull,REG03,weibull | right_skewed_flexible_shape | flexible_tail | upper_tail | clustered | moderate | mid_high_scale,weibull | right_skewed_flexible_shape | flexible_tail | contaminated | upper_tail | clustered | moderate | moderate_scale | moderate_severity,shape=right_skewed_flexible_shape | tail=flexible_tail | contamination=contaminated | direction=upper_tail | structure=clustered | severity=moderate_severity | rates={0.05;0.1} | scales={4.5;6;9;12;15;20} | types={clustered_upper},right_skewed_flexible_shape,flexible_tail,upper_tail,clustered,moderate,moderate_scale,mid_high_scale,moderate_severity,evaluated,NA,12,12,0,0,FALSE,9,3,ga_composite,ga_composite,robust,TRUE,2,current_specialist_finalist,FALSE,NA,FALSE,0,0.09053881451908884,0.031436880211896424,0.09053881451908884,0.031436880211896424,huber,mean,0.531180274829768,0.7486457981504515,TRUE,family_direction_structure_adjacent_rate_scale,42,24,12,FALSE,benchmark,huber,-0.38901558649689794,-0.081426507924739,regime_specific_profile_no_free_lunch,2.8820765182596393,4.5151971480378235,0.63792525;0.10643115;0.06050391;0.00457664;0.01084595;0.00774824;0.0012596;0.01689037;0.07069918;0.08311971,0.6379252540055612,0.10643114632453932,0.06050390654371621,0.004576642324644835,0.01084595180649039,0.007748241286927923,0.0012595962651425268,0.01689036847974364,0.07069918192753516,0.08311971103569873,TRUE,3,1,0.41224754783989437,0.6021299874204795,source_regime_specific_cross_family_no_free_lunch;interfamily_profile_generalization_bonus,lognormal;invgauss;exgaussian,ga_wins_local_only_no_free_lunch,202,GA_REGIME_FIRST_20260526_164654
invgauss,REG01,invgauss | right_skewed_duration | heavy_right_tail | point_mass | point_mass | moderate | extreme_scale,invgauss | right_skewed_duration | heavy_right_tail | contaminated | point_mass | point_mass | moderate | extreme_scale | extreme_severity,shape=right_skewed_duration | tail=heavy_right_tail | contamination=contaminated | direction=point_mass | structure=point_mass | severity=extreme_severity | rates={0.05;0.1} | scales={30} | types={point_mass},right_skewed_duration,heavy_right_tail,point_mass,point_mass,moderate,extreme_scale,extreme_scale,extreme_severity,evaluated,NA,24,2,22,3,TRUE,17,7,ga_composite,ga_composite,robust,TRUE,4,current_specialist_finalist,FALSE,NA,FALSE,1,0.048066760373263615,0.021761658518494344,0.048066760373263615,0.021761658518494344,huber,huber,0.47865342768801855,0.6192144195083743,TRUE,family_adjacent_rate_scale,312,32,24,TRUE,ga_composite,robust,0.20649837412101898,0.3417580598658201,profile_matched_generalization_bonus,2.9060156702150763,3.7690339147947096,0.59527295;0.01867503;0.09838016;0.01466122;0.08179542;0.01111572;0.00184649;0.02611351;0.12468767;0.02745183,0.5952729530043942,0.018675027376231564,0.0983801595250377,0.014661222085370993,0.08179541698248186,0.011115721539737328,0.0018464897719712523,0.026113509697892223,0.12468766822652075,0.027451831790362185,TRUE,3,0,-1.2641261637317263,-0.9856645499211664,source_regime_specific_cross_family_no_free_lunch,lognormal;weibull;exgaussian,ga_wins_local_and_profile,202,GA_REGIME_FIRST_20260526_164654
invgauss,REG02,invgauss | right_skewed_duration | heavy_right_tail | upper_tail | clustered | moderate | mid_high_scale,invgauss | right_skewed_duration | heavy_right_tail | contaminated | upper_tail | clustered | moderate | moderate_scale | moderate_severity,shape=right_skewed_duration | tail=heavy_right_tail | contamination=contaminated | direction=upper_tail | structure=clustered | severity=moderate_severity | rates={0.05;0.1} | scales={4.5;6;9;12;15;20} | types={clustered_upper},right_skewed_duration,heavy_right_tail,upper_tail,clustered,moderate,moderate_scale,mid_high_scale,moderate_severity,evaluated,NA,12,12,0,0,FALSE,9,3,ga_composite,ga_composite,robust,TRUE,5,current_specialist_finalist,FALSE,NA,FALSE,0,0.031694268124929016,0.011714409270004432,0.031694268124929016,0.011714409270004432,mean,mean,0.7086187429474984,0.7662209395926627,TRUE,family_direction_structure_adjacent_rate_scale,42,24,12,TRUE,ga_composite,robust,0.24911245594085052,0.5622337101258853,profile_matched_generalization_bonus,2.98357404761037,3.3936318350303294,0.59290192;0.095942;0.05795948;0.0644932;0.06160396;0.01756103;0.00465824;0.02265396;0.0421805;0.0400457,0.59290192273297,0.09594200317974612,0.05795947826575751,0.06449320386931841,0.06160396354421714,0.017561032560021818,0.004658235935938784,0.022653960657876466,0.04218050095516083,0.04004569829899298,TRUE,3,0,-1.7362476851304467,-0.19348047949564284,source_regime_specific_cross_family_no_free_lunch,lognormal;weibull;exgaussian,ga_wins_local_and_profile,202,GA_REGIME_FIRST_20260526_164654
invgauss,REG03,invgauss | right_skewed_duration | heavy_right_tail | upper_tail | tail_outlier | moderate | mid_high_scale,invgauss | right_skewed_duration | heavy_right_tail | contaminated | upper_tail | tail_outlier | moderate | moderate_scale | moderate_severity,shape=right_skewed_duration | tail=heavy_right_tail | contamination=contaminated | direction=upper_tail | structure=tail_outlier | severity=moderate_severity | rates={0.05;0.1} | scales={4.5;6;9;12;15;20} | types={upper_tail},right_skewed_duration,heavy_right_tail,upper_tail,tail_outlier,moderate,moderate_scale,mid_high_scale,moderate_severity,evaluated,NA,12,12,0,0,FALSE,9,3,benchmark,benchmark,mean,FALSE,6,protected_previous_stage_elite,TRUE,previous_stage_elite,TRUE,1,0.06282391210394889,0.02915594809160015,0.0816503866145648,0.025817108774456584,mean,mean,0.23057422372360287,-0.12932661616693816,TRUE,family_direction_structure_adjacent_rate_scale,42,24,12,TRUE,ga_composite,robust,0.09348651180909084,0.3870119624172043,profile_only_unexpected,1.6879039896386858,1.7688164420947077,0.45450723;0.08478633;0.13232969;0.02073706;0.07119881;0.01966381;0.00605571;0.08923209;0.0894205;0.03206876,0.4545072329103402,0.0847863256123187,0.13232969346145912,0.020737059418055374,0.07119880927690156,0.019663814485694684,0.006055711863631757,0.08923208985430864,0.0894205034369813,0.03206875968030871,FALSE,0,0,NA,NA,NA,NA,benchmark_dominant_local,202,GA_REGIME_FIRST_20260526_164654
exgaussian,REG01,exgaussian | gaussian_core_right_skewed_tail | exponential_right_tail | symmetric | heavy_tailed_t | extreme | mid_high_scale,exgaussian | gaussian_core_right_skewed_tail | exponential_right_tail | contaminated | symmetric | heavy_tailed_t | extreme | moderate_scale | extreme_severity,shape=gaussian_core_right_skewed_tail | tail=exponential_right_tail | contamination=contaminated | direction=symmetric | structure=heavy_tailed_t | severity=extreme_severity | rates={0.3} | scales={6;9;15;20} | types={symmetric_t},gaussian_core_right_skewed_tail,exponential_right_tail,symmetric,heavy_tailed_t,extreme,moderate_scale,mid_high_scale,extreme_severity,evaluated,NA,23,6,17,3,TRUE,17,6,benchmark,benchmark,biweight,FALSE,5,current_specialist_finalist,FALSE,NA,FALSE,0,0.03242806409269044,0.008420752526092767,0.02583497139853589,0.006085452503355954,biweight,biweight,-0.25520030938656235,-0.38375125285510153,TRUE,family_direction_adjacent_rate_scale,31,24,23,FALSE,benchmark,biweight,-0.20280378143983316,-0.1764323308358169,benchmark_dominant_local_and_profile,1.026315413698652,0.8276221512868644,0.03329333;0.0489015;0.05294468;0;0;0.0135451;0.00033093;0.1346504;0.0276633;0.68867076,0.0332933293473218,0.048901498774576016,0.0529446756232622,1e-12,1e-12,0.013545099485871157,3.309256599060124e-4,0.1346504048430528,0.02766330442573438,0.6886707618382757,FALSE,0,0,NA,NA,NA,NA,benchmark_dominant_local,202,GA_REGIME_FIRST_20260526_164654
exgaussian,REG02,exgaussian | gaussian_core_right_skewed_tail | exponential_right_tail | bimodal | bimodal_mixture | high | mid_high_scale,exgaussian | gaussian_core_right_skewed_tail | exponential_right_tail | contaminated | bimodal | bimodal_mixture | high | moderate_scale | high_severity,shape=gaussian_core_right_skewed_tail | tail=exponential_right_tail | contamination=contaminated | direction=bimodal | structure=bimodal_mixture | severity=high_severity | rates={0.15;0.2} | scales={4.5;6;9;12;15;20} | types={mixture_bimodal_far;mixture_bimodal_near},gaussian_core_right_skewed_tail,exponential_right_tail,bimodal,bimodal_mixture,high,moderate_scale,mid_high_scale,high_severity,evaluated,NA,24,24,0,0,FALSE,17,7,benchmark,benchmark,biweight,FALSE,5,current_specialist_finalist,FALSE,NA,FALSE,1,0.022085783923454862,0.006067159825810418,0.021866609527795025,0.006012842050163353,biweight,biweight,-0.01002324550457709,-0.009033627556632106,TRUE,family_direction_structure_adjacent_rate_scale,66,24,24,FALSE,benchmark,biweight,-0.06805578525510671,-0.10188123992417386,benchmark_dominant_local_and_profile,1.3860391625237742,1.245683418523438,0.01611145;0.01545703;0.01272491;0;0;0.00376254;0.00018252;0.07172951;0.37531925;0.50471279,0.016111451501049187,0.01545702899193102,0.01272491449397558,1e-12,1e-12,0.0037625382437642962,1.8251724523488515e-4,0.07172950585681218,0.3753192504913553,0.5047127931738776,FALSE,0,0,NA,NA,NA,NA,benchmark_dominant_local,202,GA_REGIME_FIRST_20260526_164654
exgaussian,REG03,exgaussian | gaussian_core_right_skewed_tail | exponential_right_tail | bimodal | bimodal_mixture | extreme | mid_high_scale,exgaussian | gaussian_core_right_skewed_tail | exponential_right_tail | contaminated | bimodal | bimodal_mixture | extreme | moderate_scale | extreme_severity,shape=gaussian_core_right_skewed_tail | tail=exponential_right_tail | contamination=contaminated | direction=bimodal | structure=bimodal_mixture | severity=extreme_severity | rates={0.3} | scales={4.5;6;9;12;15;20} | types={mixture_bimodal_far;mixture_bimodal_near},gaussian_core_right_skewed_tail,exponential_right_tail,bimodal,bimodal_mixture,extreme,moderate_scale,mid_high_scale,extreme_severity,evaluated,NA,12,12,0,0,FALSE,9,3,benchmark,benchmark,biweight,FALSE,1,current_specialist_finalist,FALSE,NA,FALSE,1,0.01931772627407443,0.005620231378480186,0.021750475325451296,0.005459999661864275,biweight,biweight,0.11184808675966448,-0.029346470056713262,TRUE,family_direction_structure_adjacent_rate_scale,42,24,12,FALSE,benchmark,biweight,-0.017393253725940538,-0.02710859684341403,benchmark_dominant_local_and_profile,1.4392700769376703,1.1730617412763409,0.0065333;0.03252107;0.01577079;0;0;0.00227987;9.132e-05;0.03169418;0.23216376;0.6789457,0.006533299377249432,0.03252106746601226,0.015770790530002975,1e-12,1e-12,0.0022798742889592297,9.13241639903909e-5,0.0316941824926813,0.23216375863750877,0.6789457030415956,FALSE,0,0,NA,NA,NA,NA,benchmark_dominant_local,202,GA_REGIME_FIRST_20260526_164654
exwald,REG01,exwald | first_passage_right_skewed | heavy_first_passage_tail | bimodal | bimodal_mixture | extreme | extreme_scale,exwald | first_passage_right_skewed | heavy_first_passage_tail | contaminated | bimodal | bimodal_mixture | extreme | extreme_scale | extreme_severity,shape=first_passage_right_skewed | tail=heavy_first_passage_tail | contamination=contaminated | direction=bimodal | structure=bimodal_mixture | severity=extreme_severity | rates={0.3} | scales={30} | types={mixture_bimodal_far;mixture_bimodal_near},first_passage_right_skewed,heavy_first_passage_tail,bimodal,bimodal_mixture,extreme,extreme_scale,extreme_scale,extreme_severity,evaluated,NA,18,2,16,2,TRUE,13,5,benchmark,benchmark,geometric,FALSE,5,current_specialist_finalist,FALSE,NA,FALSE,0,0.46694574055308957,0.20957238293656213,0.3112279790522031,0.1297562037553304,geometric,geometric,-0.5003334275234527,-0.6151241857469782,TRUE,family_direction_structure_adjacent_rate_scale,24,24,18,FALSE,benchmark,huber,-0.3332789517330464,-1.3640217044763348,benchmark_dominant_local_and_profile,1.7999086336100198,2.3046523898154057,0.08495395;0.06767418;0.01961367;0.01220301;0.23983814;0.01014266;0.00391742;0.02197391;0.20836089;0.33132216,0.08495395132523681,0.06767417911001626,0.01961367390997916,0.012203013429747707,0.23983813848928473,0.010142660888862813,0.003917421701204543,0.02197391396854255,0.20836088945234504,0.33132215772478046,FALSE,0,0,NA,NA,NA,NA,benchmark_dominant_local,202,GA_REGIME_FIRST_20260526_164654
exwald,REG02,exwald | first_passage_right_skewed | heavy_first_passage_tail | point_mass | point_mass | extreme | low_scale,exwald | first_passage_right_skewed | heavy_first_passage_tail | contaminated | point_mass | point_mass | extreme | low_scale | extreme_severity,shape=first_passage_right_skewed | tail=heavy_first_passage_tail | contamination=contaminated | direction=point_mass | structure=point_mass | severity=extreme_severity | rates={0.3} | scales={1.5;3} | types={point_mass},first_passage_right_skewed,heavy_first_passage_tail,point_mass,point_mass,extreme,low_scale,low_scale,extreme_severity,evaluated,NA,18,2,16,2,TRUE,13,5,benchmark,benchmark,geometric,FALSE,5,current_specialist_finalist,FALSE,NA,FALSE,0,0.4820849188367715,0.22838150696751183,0.4552144970209483,0.2568869983636521,geometric,geometric,-0.059028045002107336,0.11096509974271489,TRUE,family_adjacent_rate_scale,174,24,18,FALSE,benchmark,geometric,-0.978574193274947,-0.7587193495855723,benchmark_dominant_local_and_profile,4.361254125547595,5.74651400644921,0.05820791;0.04092191;0.08036577;0.06217156;0.08706017;0.07362415;0.00556066;0.03363286;0.33561985;0.22283518,0.058207910790610176,0.04092190512536185,0.08036577479136689,0.062171556858365055,0.08706016915243081,0.07362414563991035,0.005560656696417414,0.033632858696123404,0.3356198451537167,0.22283517709569736,FALSE,0,0,NA,NA,NA,NA,benchmark_dominant_local,202,GA_REGIME_FIRST_20260526_164654
exwald,REG03,exwald | first_passage_right_skewed | heavy_first_passage_tail | point_mass | point_mass | high | low_scale,exwald | first_passage_right_skewed | heavy_first_passage_tail | contaminated | point_mass | point_mass | high | low_scale | high_severity,shape=first_passage_right_skewed | tail=heavy_first_passage_tail | contamination=contaminated | direction=point_mass | structure=point_mass | severity=high_severity | rates={0.15;0.2} | scales={1.5;3} | types={point_mass},first_passage_right_skewed,heavy_first_passage_tail,point_mass,point_mass,high,low_scale,low_scale,high_severity,evaluated,NA,24,4,20,3,TRUE,17,7,ga_composite,ga_composite,robust,TRUE,2,current_specialist_finalist,FALSE,NA,FALSE,0,0.49087183709560434,0.2931040476486715,0.49087183709560434,0.2931040476486715,trimmed20,trimmed20,0.06951144632597277,0.0657665010892101,TRUE,family_adjacent_rate_scale,296,30,24,FALSE,benchmark,geometric,-0.19908738227522568,-0.11178040854204879,regime_specific_profile_no_free_lunch,2.9700834224808133,3.5802170004522607,0.08890982;0.07340239;0.17661269;0.02974757;0.05946569;0.02908992;0.00175753;0.27057949;0.13860095;0.13183394,0.08890982165263862,0.07340239118071071,0.1766126942533987,0.029747565148935298,0.059465690606699664,0.0290899226345974,0.0017575328422540985,0.27057948899965967,0.1386009529030321,0.13183393977807376,TRUE,3,1,0.11611798156584087,0.15397638700741056,source_regime_specific_cross_family_no_free_lunch;interfamily_profile_generalization_bonus,lognormal;weibull;invgauss,ga_wins_local_only_no_free_lunch,202,GA_REGIME_FIRST_20260526_164654
