family,param_row,label,n_finite,mean,variance,skewness,excess_kurtosis,param_mean,param_sd,param_meanlog,param_sdlog,param_shape,param_scale,param_mu,param_sigma,param_tau,param_lambda,param_rate
normal,1,normal_row1_mean=1_sd=1,5000,0.9891831424137948,0.987921110272005,-0.03793113729144112,-0.044144666951067446,1,1,NA,NA,NA,NA,NA,NA,NA,NA,NA
normal,2,normal_row2_mean=5_sd=1,5000,4.998355731706595,1.0288608296782642,0.01832044877325359,0.030375137825625842,5,1,NA,NA,NA,NA,NA,NA,NA,NA,NA
normal,3,normal_row3_mean=1_sd=1.414,5000,0.9798291680028566,2.047776771279205,-0.0602730244878577,-0.05472985291054622,1,1.4142135623730951,NA,NA,NA,NA,NA,NA,NA,NA,NA
normal,4,normal_row4_mean=5_sd=1.414,5000,5.0168927842582445,2.008198758081341,-0.033086140032158234,-0.02457820159995938,5,1.4142135623730951,NA,NA,NA,NA,NA,NA,NA,NA,NA
normal,5,normal_row5_mean=1_sd=2,5000,0.9593405887774655,4.23729408262646,0.04411912344897147,-0.06254630384724758,1,2,NA,NA,NA,NA,NA,NA,NA,NA,NA
normal,6,normal_row6_mean=5_sd=2,5000,5.022251197950666,4.0052236958528376,-0.003183012171065825,-0.1593246087338449,5,2,NA,NA,NA,NA,NA,NA,NA,NA,NA
normal,7,normal_row7_mean=1_sd=3,5000,1.0002492514018844,8.820985467775824,-0.023798147820854126,0.010277102922275017,1,3,NA,NA,NA,NA,NA,NA,NA,NA,NA
normal,8,normal_row8_mean=5_sd=3,5000,5.006719015101082,8.892596891984386,0.004561813491477393,-0.09386259237974581,5,3,NA,NA,NA,NA,NA,NA,NA,NA,NA
lognormal,1,lognormal_row1_meanlog=0.5_sdlog=0.25,5000,1.6956362372312115,0.18101838229364467,0.7004762393917967,0.743990485218271,NA,NA,0.5,0.25,NA,NA,NA,NA,NA,NA,NA
lognormal,2,lognormal_row2_meanlog=1_sdlog=0.25,5000,2.8060852182662215,0.5262924083568581,0.834300931191932,1.3613824024646028,NA,NA,1,0.25,NA,NA,NA,NA,NA,NA,NA
lognormal,3,lognormal_row3_meanlog=0.5_sdlog=0.5,5000,1.8577005980245451,0.9579520535894198,1.4757591060349922,3.3691480386935524,NA,NA,0.5,0.5,NA,NA,NA,NA,NA,NA,NA
lognormal,4,lognormal_row4_meanlog=1_sdlog=0.5,5000,3.0979501876299613,2.689802533773349,1.7098937165907306,5.613785658656212,NA,NA,1,0.5,NA,NA,NA,NA,NA,NA,NA
lognormal,5,lognormal_row5_meanlog=0.5_sdlog=1,5000,2.7547740625513395,13.557484729684745,4.626735399529705,37.42214259834656,NA,NA,0.5,1,NA,NA,NA,NA,NA,NA,NA
lognormal,6,lognormal_row6_meanlog=1_sdlog=1,5000,4.501767968989613,30.535138368019343,4.510647120585241,41.76269293561544,NA,NA,1,1,NA,NA,NA,NA,NA,NA,NA
weibull,1,weibull_row1_shape=0.5_scale=0.5,5000,1.0151332099336778,5.224698668913416,6.722845463728734,86.15390376017747,NA,NA,NA,NA,0.5,0.5,NA,NA,NA,NA,NA
weibull,2,weibull_row2_shape=1_scale=0.5,5000,0.49890836184236576,0.2593313108363032,2.072002916704572,6.0641565754571225,NA,NA,NA,NA,1,0.5,NA,NA,NA,NA,NA
weibull,3,weibull_row3_shape=2_scale=0.5,5000,0.44247360507079037,0.05465318361676621,0.6275079056466201,0.16297359303310222,NA,NA,NA,NA,2,0.5,NA,NA,NA,NA,NA
weibull,4,weibull_row4_shape=3_scale=0.5,5000,0.44602065113578815,0.026078919170942662,0.1673834598011335,-0.28186519285741296,NA,NA,NA,NA,3,0.5,NA,NA,NA,NA,NA
weibull,5,weibull_row5_shape=0.5_scale=1,5000,2.0520465965156043,21.344396205921154,5.530058307544334,45.19432889024462,NA,NA,NA,NA,0.5,1,NA,NA,NA,NA,NA
weibull,6,weibull_row6_shape=1_scale=1,5000,1.0248631167359983,1.0828324283307156,2.1315656372584106,7.099566766731424,NA,NA,NA,NA,1,1,NA,NA,NA,NA,NA
weibull,7,weibull_row7_shape=2_scale=1,5000,0.8737016851162661,0.20890211095338057,0.6103901888828179,0.18721735204352008,NA,NA,NA,NA,2,1,NA,NA,NA,NA,NA
weibull,8,weibull_row8_shape=3_scale=1,5000,0.9015242685559484,0.1059193593496487,0.14238198985155873,-0.34799788692285505,NA,NA,NA,NA,3,1,NA,NA,NA,NA,NA
weibull,9,weibull_row9_shape=0.5_scale=2,5000,4.143680779872872,81.29182100878674,5.423810498456987,47.61408785956914,NA,NA,NA,NA,0.5,2,NA,NA,NA,NA,NA
weibull,10,weibull_row10_shape=1_scale=2,5000,2.0529501647110395,4.336917969290253,2.008987111212702,5.733092611973518,NA,NA,NA,NA,1,2,NA,NA,NA,NA,NA
weibull,11,weibull_row11_shape=2_scale=2,5000,1.7745427017544693,0.8678711413802569,0.5927663675193889,0.08661071005275733,NA,NA,NA,NA,2,2,NA,NA,NA,NA,NA
weibull,12,weibull_row12_shape=3_scale=2,5000,1.7838708702927666,0.41925779838717336,0.1625280597607712,-0.22021138967543408,NA,NA,NA,NA,3,2,NA,NA,NA,NA,NA
invgauss,1,invgauss_row1_mean=0.5_shape=0.5,5000,0.508124538646387,0.24820173563326467,2.692941630017388,10.884804253692291,0.5,NA,NA,NA,0.5,NA,NA,NA,NA,NA,NA
invgauss,2,invgauss_row2_mean=1_shape=0.5,5000,0.9675883619524994,1.747134321793767,3.7751231658213755,21.73176365033758,1,NA,NA,NA,0.5,NA,NA,NA,NA,NA,NA
invgauss,3,invgauss_row3_mean=2_shape=0.5,5000,2.034125835287592,16.19270979860819,5.24509535920509,39.228289579180235,2,NA,NA,NA,0.5,NA,NA,NA,NA,NA,NA
invgauss,4,invgauss_row4_mean=0.5_shape=1,5000,0.4949209106120987,0.12396122435738215,1.9803867677901945,6.110039972242912,0.5,NA,NA,NA,1,NA,NA,NA,NA,NA,NA
invgauss,5,invgauss_row5_mean=1_shape=1,5000,0.9997657561493211,0.949601098315834,2.8400893705876635,12.62480641870018,1,NA,NA,NA,1,NA,NA,NA,NA,NA,NA
invgauss,6,invgauss_row6_mean=2_shape=1,5000,2.0446350236875603,8.041170878971025,3.8105744769011904,21.13036005674109,2,NA,NA,NA,1,NA,NA,NA,NA,NA,NA
invgauss,7,invgauss_row7_mean=0.5_shape=2,5000,0.49951380463585543,0.06359509570545052,1.4720924982899573,3.5200061316064986,0.5,NA,NA,NA,2,NA,NA,NA,NA,NA,NA
invgauss,8,invgauss_row8_mean=1_shape=2,5000,0.9932514242291693,0.5103957154078027,2.3922553968888036,10.944240434690004,1,NA,NA,NA,2,NA,NA,NA,NA,NA,NA
invgauss,9,invgauss_row9_mean=2_shape=2,5000,2.020879602260715,4.163356952195362,3.2366540485400823,18.18786846557973,2,NA,NA,NA,2,NA,NA,NA,NA,NA,NA
exgaussian,1,exgaussian_row1_mu=0_sigma=0.5_tau=0.25,5000,0.24086432609128072,0.30368024024931406,0.12952068606154862,0.24111726685922985,NA,NA,NA,NA,NA,NA,0,0.5,0.25,NA,NA
exgaussian,2,exgaussian_row2_mu=1_sigma=0.5_tau=0.25,5000,1.244275555072226,0.31774264845165495,0.13477975533887507,0.26802384005565605,NA,NA,NA,NA,NA,NA,1,0.5,0.25,NA,NA
exgaussian,3,exgaussian_row3_mu=2_sigma=0.5_tau=0.25,5000,2.2392398653778764,0.3207312143421365,0.2285868918051684,0.16246681649599104,NA,NA,NA,NA,NA,NA,2,0.5,0.25,NA,NA
exgaussian,4,exgaussian_row4_mu=0_sigma=1_tau=0.25,5000,0.2637535868707752,1.0485691981737748,-0.012159948724675991,0.09247557887164426,NA,NA,NA,NA,NA,NA,0,1,0.25,NA,NA
exgaussian,5,exgaussian_row5_mu=1_sigma=1_tau=0.25,5000,1.2601342465785474,1.0846928462780374,-0.012629893084810431,0.033627727303980226,NA,NA,NA,NA,NA,NA,1,1,0.25,NA,NA
exgaussian,6,exgaussian_row6_mu=2_sigma=1_tau=0.25,5000,2.2477498668148117,1.082953261743705,0.03424169338131542,-0.024700580749887013,NA,NA,NA,NA,NA,NA,2,1,0.25,NA,NA
exgaussian,7,exgaussian_row7_mu=0_sigma=1.5_tau=0.25,5000,0.23910947264680607,2.265838326977867,0.010073661102505703,-0.010542986806735488,NA,NA,NA,NA,NA,NA,0,1.5,0.25,NA,NA
exgaussian,8,exgaussian_row8_mu=1_sigma=1.5_tau=0.25,5000,1.256061090225769,2.417115392369213,0.03367127016033087,0.020037716699568442,NA,NA,NA,NA,NA,NA,1,1.5,0.25,NA,NA
exgaussian,9,exgaussian_row9_mu=2_sigma=1.5_tau=0.25,5000,2.238753737372402,2.2508927546749393,-0.0061493140189192545,-0.06692491955875957,NA,NA,NA,NA,NA,NA,2,1.5,0.25,NA,NA
exgaussian,10,exgaussian_row10_mu=0_sigma=0.5_tau=0.5,5000,0.5056512748776325,0.49713344468402326,0.6739876700710675,1.54162487837303,NA,NA,NA,NA,NA,NA,0,0.5,0.5,NA,NA
exgaussian,11,exgaussian_row11_mu=1_sigma=0.5_tau=0.5,5000,1.5028084186884787,0.4949589884668566,0.7283873003588047,1.3122124603873635,NA,NA,NA,NA,NA,NA,1,0.5,0.5,NA,NA
exgaussian,12,exgaussian_row12_mu=2_sigma=0.5_tau=0.5,5000,2.4860858410771574,0.48576508665806745,0.7068616905115753,1.2953620406661912,NA,NA,NA,NA,NA,NA,2,0.5,0.5,NA,NA
exgaussian,13,exgaussian_row13_mu=0_sigma=1_tau=0.5,5000,0.505660598210438,1.2590974397917798,0.1784036157757455,0.2772856268679109,NA,NA,NA,NA,NA,NA,0,1,0.5,NA,NA
exgaussian,14,exgaussian_row14_mu=1_sigma=1_tau=0.5,5000,1.4863369014807721,1.2547886116924962,0.15780181056621476,0.15312006981641746,NA,NA,NA,NA,NA,NA,1,1,0.5,NA,NA
exgaussian,15,exgaussian_row15_mu=2_sigma=1_tau=0.5,5000,2.517214569303237,1.2644680542879796,0.1305745514189839,0.20215951288094614,NA,NA,NA,NA,NA,NA,2,1,0.5,NA,NA
exgaussian,16,exgaussian_row16_mu=0_sigma=1.5_tau=0.5,5000,0.4934115320098751,2.5789982287589184,0.07799473903011014,0.032520780658430226,NA,NA,NA,NA,NA,NA,0,1.5,0.5,NA,NA
exgaussian,17,exgaussian_row17_mu=1_sigma=1.5_tau=0.5,5000,1.489535619807272,2.643804758581771,0.02226051071042357,-0.04316634601804337,NA,NA,NA,NA,NA,NA,1,1.5,0.5,NA,NA
exgaussian,18,exgaussian_row18_mu=2_sigma=1.5_tau=0.5,5000,2.5160543951879673,2.4836864971993977,0.09124441842816691,-0.003507087259013275,NA,NA,NA,NA,NA,NA,2,1.5,0.5,NA,NA
exgaussian,19,exgaussian_row19_mu=0_sigma=0.5_tau=1,5000,0.9794350507238931,1.2211636312642462,1.3618496616883051,3.548145519657309,NA,NA,NA,NA,NA,NA,0,0.5,1,NA,NA
exgaussian,20,exgaussian_row20_mu=1_sigma=0.5_tau=1,5000,2.0393454768281027,1.3356752881595761,1.4428966363352114,3.6787041079793505,NA,NA,NA,NA,NA,NA,1,0.5,1,NA,NA
exgaussian,21,exgaussian_row21_mu=2_sigma=0.5_tau=1,5000,3.0021488868777197,1.241238950962491,1.3409015602077143,2.98847503165379,NA,NA,NA,NA,NA,NA,2,0.5,1,NA,NA
exgaussian,22,exgaussian_row22_mu=0_sigma=1_tau=1,5000,0.9867254839125844,2.016329331956,0.7736009001935163,2.125236143093253,NA,NA,NA,NA,NA,NA,0,1,1,NA,NA
exgaussian,23,exgaussian_row23_mu=1_sigma=1_tau=1,5000,2.0257271596261863,2.052078103150267,0.7691572116824087,1.840663485353934,NA,NA,NA,NA,NA,NA,1,1,1,NA,NA
exgaussian,24,exgaussian_row24_mu=2_sigma=1_tau=1,5000,3.0029870094548836,1.926060889929883,0.6258206120953691,1.0734379498627975,NA,NA,NA,NA,NA,NA,2,1,1,NA,NA
exgaussian,25,exgaussian_row25_mu=0_sigma=1.5_tau=1,5000,0.9873780038786089,3.244495243914114,0.38379299353594776,1.0342086449074408,NA,NA,NA,NA,NA,NA,0,1.5,1,NA,NA
exgaussian,26,exgaussian_row26_mu=1_sigma=1.5_tau=1,5000,1.9528053901285043,3.244645189879557,0.43853977379037257,0.7796448798326368,NA,NA,NA,NA,NA,NA,1,1.5,1,NA,NA
exgaussian,27,exgaussian_row27_mu=2_sigma=1.5_tau=1,5000,2.998965063181944,3.3579846114481215,0.3069335534629861,0.6561424531834295,NA,NA,NA,NA,NA,NA,2,1.5,1,NA,NA
exwald,1,exwald_row1_mu=1_lambda=0.5_rate=0.25,5000,5.065135514896364,17.990310586746613,1.740543002463586,4.50384814016868,NA,NA,NA,NA,NA,NA,1,NA,NA,0.5,0.25
exwald,2,exwald_row2_mu=1.5_lambda=0.5_rate=0.25,5000,5.5562512446894905,22.8124436591498,1.8717899453363191,5.244777367160912,NA,NA,NA,NA,NA,NA,1.5,NA,NA,0.5,0.25
exwald,3,exwald_row3_mu=2_lambda=0.5_rate=0.25,5000,6.0521595228063685,32.982522365692674,2.971957694539853,17.234729053099514,NA,NA,NA,NA,NA,NA,2,NA,NA,0.5,0.25
exwald,4,exwald_row4_mu=1_lambda=1_rate=0.25,5000,5.047042002642393,16.913100577005498,1.7622068720356823,4.412656719102323,NA,NA,NA,NA,NA,NA,1,NA,NA,1,0.25
exwald,5,exwald_row5_mu=1.5_lambda=1_rate=0.25,5000,5.403120031134788,17.872073134752807,1.7455216904277882,4.711906836461215,NA,NA,NA,NA,NA,NA,1.5,NA,NA,1,0.25
exwald,6,exwald_row6_mu=2_lambda=1_rate=0.25,5000,6.062777952095496,24.25789371962346,1.764143406415101,4.545839323202174,NA,NA,NA,NA,NA,NA,2,NA,NA,1,0.25
exwald,7,exwald_row7_mu=1_lambda=2_rate=0.25,5000,4.8602363765931385,14.89457579156162,1.7851837847935077,4.487249745648965,NA,NA,NA,NA,NA,NA,1,NA,NA,2,0.25
exwald,8,exwald_row8_mu=1.5_lambda=2_rate=0.25,5000,5.527473566411953,18.462304275878548,1.8633929353026293,5.390417767566522,NA,NA,NA,NA,NA,NA,1.5,NA,NA,2,0.25
exwald,9,exwald_row9_mu=2_lambda=2_rate=0.25,5000,6.089847762799283,20.344593028206916,1.8298428356946812,6.137054760820295,NA,NA,NA,NA,NA,NA,2,NA,NA,2,0.25
exwald,10,exwald_row10_mu=1_lambda=0.5_rate=0.5,5000,2.975835909795549,5.882456712885058,1.8807994149574363,5.448906344245115,NA,NA,NA,NA,NA,NA,1,NA,NA,0.5,0.5
exwald,11,exwald_row11_mu=1.5_lambda=0.5_rate=0.5,5000,3.4854990784279565,10.790501716897928,2.8862440830060208,15.60703753304415,NA,NA,NA,NA,NA,NA,1.5,NA,NA,0.5,0.5
exwald,12,exwald_row12_mu=2_lambda=0.5_rate=0.5,5000,4.091235853284057,21.4444033282556,4.227335649229253,31.441334485615634,NA,NA,NA,NA,NA,NA,2,NA,NA,0.5,0.5
exwald,13,exwald_row13_mu=1_lambda=1_rate=0.5,5000,3.0504619995185753,5.291551329171163,1.6461056392157516,3.8545859715528135,NA,NA,NA,NA,NA,NA,1,NA,NA,1,0.5
exwald,14,exwald_row14_mu=1.5_lambda=1_rate=0.5,5000,3.505049335851354,7.076564555199494,1.7922015168573835,5.085909389877942,NA,NA,NA,NA,NA,NA,1.5,NA,NA,1,0.5
exwald,15,exwald_row15_mu=2_lambda=1_rate=0.5,5000,4.027215268621665,12.31457708566888,2.7977954925339183,15.649981999397788,NA,NA,NA,NA,NA,NA,2,NA,NA,1,0.5
exwald,16,exwald_row16_mu=1_lambda=2_rate=0.5,5000,3.005442206846581,4.634042898524069,1.9299564279010875,6.767082416945591,NA,NA,NA,NA,NA,NA,1,NA,NA,2,0.5
exwald,17,exwald_row17_mu=1.5_lambda=2_rate=0.5,5000,3.483149875231688,5.426152796361573,1.519970043380873,3.35031857643526,NA,NA,NA,NA,NA,NA,1.5,NA,NA,2,0.5
exwald,18,exwald_row18_mu=2_lambda=2_rate=0.5,5000,3.9725917952169345,8.070283928492408,1.894057796286156,6.07188008865597,NA,NA,NA,NA,NA,NA,2,NA,NA,2,0.5
exwald,19,exwald_row19_mu=1_lambda=0.5_rate=1,5000,1.947272561842084,2.7575817513093925,2.5343910061667527,10.724086648498606,NA,NA,NA,NA,NA,NA,1,NA,NA,0.5,1
exwald,20,exwald_row20_mu=1.5_lambda=0.5_rate=1,5000,2.459394052332797,7.33397311963139,4.0461336869179165,27.502536236589513,NA,NA,NA,NA,NA,NA,1.5,NA,NA,0.5,1
exwald,21,exwald_row21_mu=2_lambda=0.5_rate=1,5000,2.9742010950147617,16.67119146638477,5.4788177654802395,48.887089427292246,NA,NA,NA,NA,NA,NA,2,NA,NA,0.5,1
exwald,22,exwald_row22_mu=1_lambda=1_rate=1,5000,2.0046693490743555,1.9907105318719989,1.732610130636248,4.752303313537948,NA,NA,NA,NA,NA,NA,1,NA,NA,1,1
exwald,23,exwald_row23_mu=1.5_lambda=1_rate=1,5000,2.5237127430014525,4.45240629864104,2.639787957296547,12.78436426466949,NA,NA,NA,NA,NA,NA,1.5,NA,NA,1,1
exwald,24,exwald_row24_mu=2_lambda=1_rate=1,5000,3.0409701972895826,8.760213680211224,3.03323940868829,13.59149011644191,NA,NA,NA,NA,NA,NA,2,NA,NA,1,1
exwald,25,exwald_row25_mu=1_lambda=2_rate=1,5000,2.007419847828882,1.513877778444186,1.466388471332174,3.1965825778365335,NA,NA,NA,NA,NA,NA,1,NA,NA,2,1
exwald,26,exwald_row26_mu=1.5_lambda=2_rate=1,5000,2.487823954488718,2.694630099379397,1.6847175133207193,4.246291395073549,NA,NA,NA,NA,NA,NA,1.5,NA,NA,2,1
exwald,27,exwald_row27_mu=2_lambda=2_rate=1,5000,3.012627052848464,5.288206623785903,2.7604039650146457,15.229124122127654,NA,NA,NA,NA,NA,NA,2,NA,NA,2,1
